season,player_name,role,base_price_lakhs,sold,sold_price_lakhs,team_name
2009,Mukesh Kumar,Bowler,75,No,,
2009,HV Patel,Bowler,50,Yes,115,Delhi Capitals
2009,WG Jacks,Wicketkeeper,20,Yes,155,Royal Challengers Bangalore
2009,NJ Rimmington,Wicketkeeper,75,Yes,470,Royal Challengers Bangalore
2009,RR Rossouw,Bowler,30,Yes,130,Mumbai Indians
2009,S Vidyut,Bowler,200,Yes,270,Punjab Kings
2009,Sandeep Sharma,Bowler,200,No,,
2009,M Markande,Bowler,150,Yes,810,Deccan Chargers
2009,KP Appanna,Bowler,20,Yes,100,Royal Challengers Bangalore
2009,AA Kulkarni,Wicketkeeper,75,No,,
2009,PA Patel,Batter,30,Yes,195,Rajasthan Royals
2009,KH Devdhar,Batter,50,Yes,205,Rajasthan Royals
2009,DJ Thornely,Wicketkeeper,150,Yes,215,Delhi Capitals
2009,P Negi,Bowler,30,Yes,85,Kolkata Knight Riders
2009,FY Fazal,Wicketkeeper,30,Yes,145,Royal Challengers Bangalore
2009,L Balaji,Bowler,40,Yes,235,Mumbai Indians
2009,IK Pathan,All-rounder,200,Yes,785,Delhi Capitals
2009,KS Bharat,Bowler,75,Yes,200,Deccan Chargers
2009,JDP Oram,Bowler,75,Yes,360,Kolkata Knight Riders
2009,S Kaul,Bowler,40,No,,
2009,TA Boult,Bowler,30,Yes,95,Mumbai Indians
2009,JC Archer,Bowler,75,Yes,435,Deccan Chargers
2009,RJ Peterson,Batter,150,Yes,670,Delhi Capitals
2009,A Manohar,Wicketkeeper,30,No,,
2009,PWA Mulder,All-rounder,100,Yes,340,Delhi Capitals
2009,DP Nannes,Bowler,20,Yes,125,Delhi Capitals
2009,Anirudh Singh,Batter,40,Yes,165,Deccan Chargers
2009,HR Shokeen,Wicketkeeper,75,No,,
2009,UM Patel,Bowler,150,No,,
2009,MG Johnson,Bowler,200,Yes,650,Punjab Kings
2009,P Nissanka,Batter,30,Yes,175,Royal Challengers Bangalore
2009,RJ Harris,Bowler,75,No,,
2009,Y Prithvi Raj,Wicketkeeper,20,Yes,55,Deccan Chargers
2009,HM Amla,All-rounder,30,No,,
2009,Swapnil Singh,All-rounder,20,Yes,60,Deccan Chargers
2009,O Thomas,Batter,100,Yes,630,Deccan Chargers
2009,SP Jackson,All-rounder,50,Yes,485,Delhi Capitals
2009,TM Srivastava,Bowler,200,Yes,1560,Deccan Chargers
2009,P Prasanth,Batter,50,Yes,55,Royal Challengers Bangalore
2009,Monu Kumar,Wicketkeeper,150,Yes,1035,Chennai Super Kings
2009,A Nortje,Bowler,30,No,,
2009,Ashok Sharma,Bowler,40,No,,
2009,JO Holder,Bowler,75,Yes,330,Delhi Capitals
2009,GF Linde,All-rounder,200,Yes,525,Kolkata Knight Riders
2009,MF Maharoof,Bowler,50,No,,
2009,T Banton,Wicketkeeper,75,Yes,490,Rajasthan Royals
2009,Joginder Sharma,Batter,75,Yes,230,Mumbai Indians
2009,SW Tait,Wicketkeeper,200,Yes,880,Royal Challengers Bangalore
2009,Rahmanullah Gurbaz,Wicketkeeper,100,Yes,325,Rajasthan Royals
2009,LR Shukla,Batter,50,Yes,130,Kolkata Knight Riders
2009,Naman Dhir,Bowler,150,Yes,645,Mumbai Indians
2009,RG Sharma,Batter,150,No,,
2009,R Ninan,Wicketkeeper,40,No,,
2009,KT Maphaka,Bowler,40,No,,
2009,MN van Wyk,Bowler,200,Yes,840,Chennai Super Kings
2009,Vivrant Sharma,Batter,40,No,,
2009,RE Levi,Bowler,40,Yes,310,Chennai Super Kings
2009,KL Nagarkoti,Batter,100,Yes,695,Rajasthan Royals
2009,Kartik Tyagi,All-rounder,150,Yes,1405,Punjab Kings
2009,TD Paine,Batter,200,Yes,530,Mumbai Indians
2009,N Burger,Bowler,75,Yes,305,Kolkata Knight Riders
2009,J Yadav,Wicketkeeper,30,Yes,175,Chennai Super Kings
2009,Harshit Rana,Bowler,20,Yes,30,Mumbai Indians
2009,Gurkeerat Singh,Batter,100,Yes,270,Punjab Kings
2009,BKG Mendis,Wicketkeeper,150,Yes,235,Royal Challengers Bangalore
2009,UT Khawaja,Batter,150,Yes,760,Kolkata Knight Riders
2009,DPMD Jayawardene,Batter,50,Yes,210,Deccan Chargers
2009,K Yadav,Wicketkeeper,20,No,,
2009,BJ Rohrer,Bowler,40,Yes,135,Chennai Super Kings
2009,VY Mahesh,All-rounder,75,Yes,410,Rajasthan Royals
2009,R Sai Kishore,Bowler,75,No,,
2009,YK Pathan,All-rounder,200,Yes,1300,Chennai Super Kings
2009,Suyash Sharma,Wicketkeeper,75,Yes,510,Delhi Capitals
2009,DJM Short,Bowler,150,Yes,1060,Delhi Capitals
2009,DP Vijaykumar,Bowler,20,No,,
2009,GB Hogg,Wicketkeeper,75,Yes,260,Kolkata Knight Riders
2009,VRV Singh,Batter,50,Yes,300,Delhi Capitals
2009,P Dharmani,Wicketkeeper,40,No,,
2010,AD Hales,Wicketkeeper,150,No,,
2010,K Kartikeya,All-rounder,150,Yes,700,Delhi Capitals
2010,Mohammad Asif,Wicketkeeper,200,No,,
2010,AB McDonald,Bowler,100,No,,
2010,RV Uthappa,Batter,100,Yes,295,Punjab Kings
2010,LI Meriwala,All-rounder,30,Yes,95,Deccan Chargers
2010,V Sooryavanshi,Wicketkeeper,20,No,,
2010,C Madan,All-rounder,50,No,,
2010,Anureet Singh,All-rounder,50,No,,
2010,JP Behrendorff,Batter,50,No,,
2010,KJ Abbott,Wicketkeeper,50,No,,
2010,W O'Rourke,Batter,20,No,,
2010,MJ Santner,All-rounder,40,Yes,345,Royal Challengers Bangalore
2010,DJ Harris,Bowler,30,Yes,105,Mumbai Indians
2010,DT Christian,Bowler,50,Yes,145,Punjab Kings
2010,C Munro,Wicketkeeper,40,Yes,250,Rajasthan Royals
2010,R Shepherd,All-rounder,200,No,,
2010,LJ Wright,Wicketkeeper,30,Yes,230,Deccan Chargers
2010,R Ninan,Wicketkeeper,20,Yes,155,Delhi Capitals
2010,PHKD Mendis,All-rounder,20,No,,
2010,JA Morkel,All-rounder,150,Yes,1435,Chennai Super Kings
2010,DA Miller,Batter,30,Yes,60,Chennai Super Kings
2010,IC Porel,Wicketkeeper,40,Yes,205,Delhi Capitals
2010,P Awana,Bowler,100,No,,
2010,YV Dhull,Wicketkeeper,75,Yes,300,Deccan Chargers
2010,W Jaffer,All-rounder,30,Yes,280,Kolkata Knight Riders
2010,KR Mayers,All-rounder,150,No,,
2010,BB Sran,Batter,150,Yes,480,Rajasthan Royals
2010,NM Coulter-Nile,Bowler,100,Yes,205,Delhi Capitals
2010,Abdul Basith,Batter,200,Yes,320,Chennai Super Kings
2010,CJ Anderson,Batter,150,Yes,540,Chennai Super Kings
2010,GR Napier,Batter,40,Yes,195,Mumbai Indians
2010,Shivam Sharma,Batter,100,Yes,710,Chennai Super Kings
2010,Umran Malik,All-rounder,150,No,,
2010,Shashank Singh,Batter,75,Yes,340,Punjab Kings
2010,MB Parmar,Batter,40,Yes,70,Deccan Chargers
2010,RJ Quiney,Bowler,100,No,,
2010,Y Gnaneswara Rao,Wicketkeeper,50,No,,
2010,YV Takawale,Wicketkeeper,20,Yes,60,Delhi Capitals
2010,MA Starc,Bowler,75,Yes,170,Punjab Kings
2010,A Mukund,Batter,40,Yes,245,Rajasthan Royals
2010,J Arunkumar,Wicketkeeper,20,Yes,50,Chennai Super Kings
2010,R Sanjay Yadav,Bowler,150,Yes,540,Deccan Chargers
2010,BR Sharath,Wicketkeeper,100,No,,
2010,N Jagadeesan,Batter,40,No,,
2010,LR Shukla,Batter,20,Yes,115,Chennai Super Kings
2010,Shahid Afridi,Wicketkeeper,200,Yes,500,Deccan Chargers
2010,V Pratap Singh,All-rounder,30,Yes,115,Punjab Kings
2010,Iqbal Abdulla,Bowler,200,Yes,755,Delhi Capitals
2010,Rasikh Salam,Wicketkeeper,20,Yes,150,Mumbai Indians
2010,M Muralidaran,Bowler,40,Yes,75,Delhi Capitals
2010,SM Katich,Wicketkeeper,200,Yes,730,Rajasthan Royals
2010,Lalit Yadav,Batter,50,Yes,350,Punjab Kings
2010,B Stanlake,Wicketkeeper,20,Yes,150,Rajasthan Royals
2010,Shivam Mavi,Bowler,100,Yes,595,Rajasthan Royals
2010,H Klaasen,Batter,150,Yes,170,Delhi Capitals
2010,NT Tilak Varma,Batter,100,No,,
2010,AA Bilakhia,Wicketkeeper,200,Yes,1380,Punjab Kings
2010,SC Ganguly,Batter,50,Yes,235,Rajasthan Royals
2010,RM Patidar,Batter,150,Yes,385,Delhi Capitals
2010,KK Ahmed,Bowler,40,Yes,70,Chennai Super Kings
2010,S Vidyut,Bowler,50,Yes,385,Punjab Kings
2010,GF Linde,All-rounder,40,Yes,145,Kolkata Knight Riders
2010,SPD Smith,Batter,40,No,,
2010,AR Patel,All-rounder,30,No,,
2010,SM Boland,Bowler,200,No,,
2010,NJ Rimmington,Wicketkeeper,200,No,,
2010,T Thushara,Batter,100,Yes,430,Royal Challengers Bangalore
2010,JR Philippe,Bowler,75,Yes,260,Delhi Capitals
2010,SR Tendulkar,Batter,30,Yes,40,Delhi Capitals
2010,MJ Clarke,All-rounder,100,Yes,915,Delhi Capitals
2010,BE Hendricks,Batter,30,Yes,145,Rajasthan Royals
2010,CH Morris,All-rounder,20,No,,
2010,AG Murtaza,All-rounder,50,Yes,295,Punjab Kings
2010,AC Thomas,Batter,20,Yes,145,Deccan Chargers
2010,Jalaj S Saxena,Batter,100,Yes,220,Chennai Super Kings
2010,P Sahu,All-rounder,50,No,,
2010,BCJ Cutting,Batter,40,Yes,120,Punjab Kings
2010,Azhar Mahmood,Wicketkeeper,150,Yes,205,Punjab Kings
2010,H Sharma,Bowler,100,Yes,490,Chennai Super Kings
2010,R Sathish,Batter,150,Yes,1045,Delhi Capitals
2010,C de Grandhomme,Batter,40,Yes,225,Punjab Kings
2010,M Theekshana,Bowler,100,No,,
2010,N Burger,Bowler,150,Yes,1135,Royal Challengers Bangalore
2010,LS Livingstone,Batter,75,Yes,245,Rajasthan Royals
2010,Sediqullah Atal,Batter,40,Yes,160,Chennai Super Kings
2010,R Shukla,All-rounder,100,Yes,295,Mumbai Indians
2010,MK Tiwary,Batter,50,No,,
2010,S Aravind,Bowler,200,Yes,395,Kolkata Knight Riders
2010,CV Varun,Bowler,30,No,,
2011,PP Chawla,All-rounder,50,No,,
2011,Yuvraj Singh,All-rounder,20,Yes,115,Rajasthan Royals
2011,R Shepherd,All-rounder,50,No,,
2011,VRV Singh,Batter,100,Yes,750,Kolkata Knight Riders
2011,R Dravid,Batter,100,Yes,300,Royal Challengers Bangalore
2011,AC Thomas,Batter,200,No,,
2011,SV Samson,Batter,200,Yes,1470,Deccan Chargers
2011,KP Appanna,Bowler,20,Yes,40,Delhi Capitals
2011,Yash Dayal,Bowler,150,No,,
2011,SB Styris,Bowler,50,Yes,135,Delhi Capitals
2011,C Madan,All-rounder,200,Yes,1905,Chennai Super Kings
2011,S Kaushik,Wicketkeeper,20,Yes,120,Kochi Tuskers Kerala
2011,M Kartik,Bowler,75,Yes,260,Rajasthan Royals
2011,CRD Fernando,All-rounder,150,Yes,310,Royal Challengers Bangalore
2011,D Wiese,Wicketkeeper,100,No,,
2011,DJ Muthuswami,Wicketkeeper,20,No,,
2011,T Henderson,All-rounder,20,No,,
2011,SD Lad,Wicketkeeper,75,Yes,110,Mumbai Indians
2011,DA Payne,Bowler,50,No,,
2011,UT Khawaja,Batter,100,Yes,480,Royal Challengers Bangalore
2011,Mashrafe Mortaza,All-rounder,40,No,,
2011,AD Russell,All-rounder,200,No,,
2011,MJ Guptill,All-rounder,30,Yes,95,Deccan Chargers
2011,LI Meriwala,All-rounder,50,Yes,205,Mumbai Indians
2011,Shivam Sharma,Batter,150,Yes,190,Kochi Tuskers Kerala
2011,UBT Chand,All-rounder,50,Yes,420,Delhi Capitals
2011,HF Gurney,Wicketkeeper,100,Yes,360,Delhi Capitals
2011,Mohammed Shami,Bowler,150,No,,
2011,SA Abbott,All-rounder,150,No,,
2011,JG Bethell,All-rounder,200,Yes,1710,Deccan Chargers
2011,WPUJC Vaas,Batter,75,Yes,115,Chennai Super Kings
2011,WA Mota,Wicketkeeper,40,Yes,70,Kochi Tuskers Kerala
2011,Mujeeb Ur Rahman,All-rounder,100,Yes,680,Delhi Capitals
2011,H Klaasen,Batter,150,Yes,520,Royal Challengers Bangalore
2011,R Rampaul,Bowler,20,Yes,80,Punjab Kings
2011,HH Gibbs,Bowler,20,Yes,75,Chennai Super Kings
2011,K Kartikeya,All-rounder,40,Yes,275,Mumbai Indians
2011,NS Naik,Batter,200,Yes,530,Mumbai Indians
2011,DR Martyn,Batter,100,Yes,495,Punjab Kings
2011,LPC Silva,All-rounder,40,No,,
2011,Shivang Kumar,Bowler,100,No,,
2011,RR Sarwan,Bowler,40,Yes,130,Kochi Tuskers Kerala
2011,Mohammad Asif,Wicketkeeper,75,No,,
2011,NB Singh,Batter,20,Yes,75,Royal Challengers Bangalore
2011,Younis Khan,All-rounder,30,No,,
2011,JE Root,Bowler,200,No,,
2011,M Ntini,All-rounder,75,Yes,190,Deccan Chargers
2011,PJ Cummins,All-rounder,30,Yes,235,Deccan Chargers
2011,R Goyal,Wicketkeeper,30,Yes,180,Punjab Kings
2011,MK Pandey,Batter,75,No,,
2011,D Salunkhe,Batter,40,Yes,75,Punjab Kings
2011,DS Rathi,Batter,50,Yes,225,Royal Challengers Bangalore
2011,S Sandeep Warrier,All-rounder,100,Yes,555,Kochi Tuskers Kerala
2011,CA Pujara,Bowler,40,No,,
2011,Harpreet Singh,Batter,30,Yes,180,Delhi Capitals
2011,AL Menaria,Wicketkeeper,200,Yes,775,Kochi Tuskers Kerala
2011,SN Khan,Wicketkeeper,30,No,,
2011,P Arya,Wicketkeeper,30,Yes,140,Deccan Chargers
2011,Lalit Yadav,Batter,40,Yes,90,Kochi Tuskers Kerala
2011,RJ Gleeson,Batter,40,Yes,285,Rajasthan Royals
2011,B Kumar,Bowler,30,Yes,65,Kochi Tuskers Kerala
2011,TM Srivastava,Bowler,100,Yes,760,Kolkata Knight Riders
2011,PW Hasaranga,Bowler,75,Yes,410,Chennai Super Kings
2011,BW Hilfenhaus,Wicketkeeper,75,Yes,400,Royal Challengers Bangalore
2011,Aman Hakim Khan,Bowler,30,Yes,155,Kochi Tuskers Kerala
2011,YS Chahal,Bowler,40,Yes,240,Royal Challengers Bangalore
2011,D Pretorius,Batter,100,Yes,705,Pune Warriors
2011,JA Morkel,All-rounder,30,No,,
2011,Mukesh Choudhary,All-rounder,75,No,,
2011,PV Tambe,Wicketkeeper,150,Yes,675,Pune Warriors
2011,CK Kapugedera,Bowler,75,Yes,495,Delhi Capitals
2011,Mandeep Singh,Batter,150,Yes,875,Delhi Capitals
2011,Arshad Khan,Batter,40,Yes,170,Deccan Chargers
2012,S Sreesanth,Bowler,30,No,,
2012,CJ Green,Bowler,150,No,,
2012,K Rabada,Bowler,100,No,,
2012,UA Birla,All-rounder,40,Yes,200,Kolkata Knight Riders
2012,KA Pollard,All-rounder,20,Yes,155,Mumbai Indians
2012,V Vyshak,Batter,200,Yes,1050,Pune Warriors
2012,KV Sharma,Bowler,40,No,,
2012,MC Juneja,Bowler,100,Yes,530,Royal Challengers Bangalore
2012,C Green,Batter,75,Yes,345,Punjab Kings
2012,YA Abdulla,All-rounder,200,Yes,290,Delhi Capitals
2012,LS Livingstone,Batter,100,No,,
2012,PVSN Raju,Bowler,75,Yes,215,Mumbai Indians
2012,RN ten Doeschate,Wicketkeeper,50,Yes,110,Mumbai Indians
2012,B Muzarabani,Wicketkeeper,150,No,,
2012,HR Shokeen,Wicketkeeper,50,Yes,295,Mumbai Indians
2012,NL McCullum,Batter,50,Yes,195,Mumbai Indians
2012,BR Dunk,Wicketkeeper,150,Yes,965,Kolkata Knight Riders
2012,J Overton,Wicketkeeper,200,Yes,925,Mumbai Indians
2012,Mukesh Choudhary,All-rounder,100,Yes,415,Deccan Chargers
2012,Harmeet Singh,Batter,40,No,,
2012,CJ Anderson,Batter,100,Yes,640,Pune Warriors
2012,Azhar Mahmood,Wicketkeeper,75,Yes,205,Deccan Chargers
2012,AJ Tye,Bowler,75,No,,
2012,JL Pattinson,Bowler,75,Yes,435,Delhi Capitals
2012,M Prasidh Krishna,Bowler,200,Yes,985,Punjab Kings
2012,SB Jakati,Bowler,75,Yes,430,Delhi Capitals
2012,MK Pandey,Batter,150,No,,
2012,Harmeet Singh,Batter,40,Yes,305,Delhi Capitals
2012,D Padikkal,Batter,30,No,,
2012,KK Ahmed,Bowler,75,Yes,510,Deccan Chargers
2012,RV Patel,Batter,75,Yes,145,Pune Warriors
2012,UT Khawaja,Batter,50,Yes,365,Kolkata Knight Riders
2012,DP Conway,Batter,50,Yes,195,Kolkata Knight Riders
2012,YS Chahal,Bowler,200,Yes,390,Chennai Super Kings
2012,PD Collingwood,Batter,40,Yes,285,Rajasthan Royals
2012,NLTC Perera,Bowler,200,Yes,1260,Deccan Chargers
2012,K Gowtham,Wicketkeeper,75,Yes,105,Punjab Kings
2012,PC Valthaty,All-rounder,30,Yes,235,Kolkata Knight Riders
2012,A Uniyal,Bowler,20,Yes,135,Royal Challengers Bangalore
2012,Anureet Singh,All-rounder,20,No,,
2012,MA Agarwal,Batter,40,No,,
2012,PM Sarvesh Kumar,All-rounder,20,Yes,45,Delhi Capitals
2012,N Saini,Bowler,100,Yes,550,Delhi Capitals
2012,HM Amla,All-rounder,200,No,,
2012,G Gambhir,Batter,200,Yes,360,Delhi Capitals
2012,Rashid Khan,All-rounder,40,Yes,315,Deccan Chargers
2012,Kuldeep Yadav,Bowler,20,No,,
2012,AJ Hosein,Wicketkeeper,50,Yes,275,Royal Challengers Bangalore
2012,JE Root,Bowler,150,Yes,240,Rajasthan Royals
2012,PA Patel,Batter,30,No,,
2012,S Kaushik,Wicketkeeper,200,No,,
2012,SS Mundhe,Bowler,20,Yes,85,Delhi Capitals
2012,Shahid Afridi,Wicketkeeper,75,Yes,455,Punjab Kings
2012,NT Ellis,All-rounder,20,Yes,150,Delhi Capitals
2012,JH Kallis,All-rounder,20,Yes,55,Chennai Super Kings
2012,R Sanjay Yadav,Bowler,75,Yes,570,Chennai Super Kings
2012,A Kumble,Bowler,100,Yes,195,Kolkata Knight Riders
2012,B Stanlake,Wicketkeeper,40,Yes,210,Deccan Chargers
2012,MS Bisla,Bowler,150,No,,
2012,C Sakariya,Wicketkeeper,50,Yes,260,Kolkata Knight Riders
2012,J Arunkumar,Wicketkeeper,30,Yes,180,Pune Warriors
2012,V Nigam,Batter,30,Yes,145,Chennai Super Kings
2012,LJ Wright,Wicketkeeper,50,Yes,165,Pune Warriors
2012,YV Dhull,Wicketkeeper,200,Yes,1205,Chennai Super Kings
2012,MDKJ Perera,Wicketkeeper,200,No,,
2012,AG Murtaza,All-rounder,200,Yes,1195,Mumbai Indians
2012,MD Mishra,All-rounder,200,Yes,1485,Mumbai Indians
2012,AK Markram,Batter,75,Yes,505,Mumbai Indians
2012,RR Rossouw,Bowler,50,Yes,170,Chennai Super Kings
2012,DR Sams,Batter,30,No,,
2012,LG Pretorius,Bowler,30,Yes,115,Deccan Chargers
2012,RG Sharma,Batter,40,Yes,290,Rajasthan Royals
2012,JJ van der Wath,Batter,200,Yes,1155,Rajasthan Royals
2012,AU Verma,Bowler,40,Yes,320,Punjab Kings
2012,M Shahrukh Khan,All-rounder,150,Yes,1530,Pune Warriors
2012,PK Garg,Wicketkeeper,20,No,,
2012,Mukesh Kumar,Bowler,200,Yes,730,Pune Warriors
2012,RE Levi,Bowler,50,Yes,105,Kolkata Knight Riders
2012,JDP Oram,Bowler,50,Yes,280,Chennai Super Kings
2012,SD Hope,Batter,20,Yes,35,Kolkata Knight Riders
2013,Mohsin Khan,Bowler,100,No,,
2013,S Ladda,Wicketkeeper,100,Yes,680,Chennai Super Kings
2013,Shahid Afridi,Wicketkeeper,20,Yes,105,Delhi Capitals
2013,TG Southee,Bowler,20,Yes,125,Chennai Super Kings
2013,AJ Hosein,Wicketkeeper,50,Yes,365,Sunrisers Hyderabad
2013,Harbhajan Singh,All-rounder,75,Yes,225,Mumbai Indians
2013,VS Yeligati,Batter,30,No,,
2013,AF Milne,All-rounder,50,No,,
2013,MD Shanaka,Bowler,100,Yes,475,Delhi Capitals
2013,Misbah-ul-Haq,Bowler,100,Yes,460,Delhi Capitals
2013,H Klaasen,Batter,200,Yes,1575,Sunrisers Hyderabad
2013,R Shepherd,All-rounder,200,No,,
2013,GC Smith,Bowler,100,Yes,495,Punjab Kings
2013,X Thalaivan Sargunam,Wicketkeeper,50,Yes,245,Royal Challengers Bangalore
2013,AM Salvi,All-rounder,150,Yes,645,Delhi Capitals
2013,CH Morris,All-rounder,150,Yes,1090,Kolkata Knight Riders
2013,PJ Sangwan,Bowler,100,No,,
2013,JL Denly,Wicketkeeper,200,Yes,1225,Sunrisers Hyderabad
2013,V Sooryavanshi,Wicketkeeper,100,Yes,485,Royal Challengers Bangalore
2013,RT Ponting,Bowler,40,No,,
2013,KA Pollard,All-rounder,20,Yes,180,Pune Warriors
2013,RV Patel,Batter,20,Yes,140,Mumbai Indians
2013,Zeeshan Ansari,Batter,50,Yes,55,Chennai Super Kings
2013,KB Arun Karthik,All-rounder,200,Yes,1420,Punjab Kings
2013,HE van der Dussen,Bowler,200,Yes,945,Sunrisers Hyderabad
2013,JR Philippe,Bowler,150,Yes,910,Mumbai Indians
2013,CJ Ferguson,Bowler,75,Yes,440,Mumbai Indians
2013,STR Binny,All-rounder,150,Yes,325,Royal Challengers Bangalore
2013,Prince Yadav,All-rounder,40,Yes,245,Kolkata Knight Riders
2013,GF Linde,All-rounder,100,No,,
2013,MJ McClenaghan,Bowler,30,No,,
2013,JR Hazlewood,Bowler,200,No,,
2013,JB Little,Wicketkeeper,50,Yes,345,Delhi Capitals
2013,AP Tare,All-rounder,20,Yes,95,Chennai Super Kings
2013,RJ Quiney,Bowler,200,Yes,1185,Mumbai Indians
2013,S Chanderpaul,Wicketkeeper,30,No,,
2013,VG Arora,Bowler,100,No,,
2013,DJ Harris,Bowler,20,Yes,140,Kolkata Knight Riders
2013,SE Marsh,Batter,200,Yes,305,Delhi Capitals
2013,Shoaib Ahmed,Wicketkeeper,75,Yes,90,Pune Warriors
2013,MP Stoinis,All-rounder,100,No,,
2013,RJ Peterson,Batter,40,No,,
2013,PA Reddy,Batter,75,Yes,375,Royal Challengers Bangalore
2013,AJ Finch,Batter,150,Yes,945,Pune Warriors
2013,KT Maphaka,Bowler,40,Yes,315,Chennai Super Kings
2013,SO Hetmyer,Batter,20,Yes,135,Chennai Super Kings
2013,Shahbaz Ahmed,All-rounder,100,No,,
2013,M Muralidaran,Bowler,100,Yes,650,Mumbai Indians
2013,R Bishnoi,All-rounder,200,Yes,1265,Sunrisers Hyderabad
2013,T Natarajan,Bowler,150,Yes,765,Rajasthan Royals
2013,MJ Suthar,Wicketkeeper,150,No,,
2013,MJ Clarke,All-rounder,75,Yes,155,Kolkata Knight Riders
2013,CL White,All-rounder,40,Yes,285,Rajasthan Royals
2013,M Kartik,Bowler,150,Yes,245,Punjab Kings
2013,DJG Sammy,Bowler,75,Yes,215,Sunrisers Hyderabad
2013,R Sathish,Batter,40,Yes,165,Chennai Super Kings
2013,Naman Dhir,Bowler,150,Yes,520,Chennai Super Kings
2013,HM Amla,All-rounder,30,No,,
2013,GJ Maxwell,All-rounder,20,Yes,170,Delhi Capitals
2013,TL Seifert,Batter,50,Yes,185,Pune Warriors
2013,CJ Green,Bowler,40,Yes,180,Delhi Capitals
2013,NJ Maddinson,All-rounder,30,Yes,155,Royal Challengers Bangalore
2013,AN Ghosh,Batter,200,Yes,1520,Chennai Super Kings
2013,RN ten Doeschate,Wicketkeeper,200,Yes,390,Kolkata Knight Riders
2013,MJ Lumb,Bowler,20,Yes,105,Rajasthan Royals
2013,R Minz,Wicketkeeper,100,Yes,670,Sunrisers Hyderabad
2013,C Sakariya,Wicketkeeper,40,Yes,305,Delhi Capitals
2013,M Theekshana,Bowler,50,Yes,390,Sunrisers Hyderabad
2013,HS Dubey,Bowler,100,Yes,545,Delhi Capitals
2013,I Udana,Bowler,50,Yes,335,Punjab Kings
2013,E Lewis,All-rounder,150,Yes,965,Punjab Kings
2014,RA Shaikh,Bowler,30,No,,
2014,DJ Mitchell,All-rounder,40,Yes,220,Punjab Kings
2014,Shubman Gill,Batter,50,Yes,85,Sunrisers Hyderabad
2014,Yashpal Singh,All-rounder,200,Yes,340,Punjab Kings
2014,RE Levi,Bowler,30,No,,
2014,AA Jhunjhunwala,Batter,30,No,,
2014,V Nigam,Batter,50,Yes,165,Royal Challengers Bangalore
2014,NB Singh,Batter,150,Yes,575,Sunrisers Hyderabad
2014,TL Suman,Bowler,40,Yes,160,Royal Challengers Bangalore
2014,FA Allen,Wicketkeeper,20,Yes,80,Kolkata Knight Riders
2014,Mashrafe Mortaza,All-rounder,20,Yes,165,Kolkata Knight Riders
2014,JM Bairstow,Batter,30,No,,
2014,T Henderson,All-rounder,40,Yes,220,Punjab Kings
2014,AS Tendulkar,All-rounder,75,Yes,535,Sunrisers Hyderabad
2014,MJ Clarke,All-rounder,150,Yes,670,Rajasthan Royals
2014,Shakib Al Hasan,All-rounder,200,No,,
2014,PD Salt,Batter,75,Yes,240,Chennai Super Kings
2014,CH Gayle,Batter,50,Yes,180,Delhi Capitals
2014,SK Warne,Bowler,40,Yes,80,Rajasthan Royals
2014,JW Hastings,Wicketkeeper,150,Yes,815,Rajasthan Royals
2014,HR Shokeen,Wicketkeeper,40,Yes,80,Royal Challengers Bangalore
2014,Himmat Singh,Batter,100,Yes,705,Sunrisers Hyderabad
2014,SSB Magala,Wicketkeeper,20,Yes,135,Sunrisers Hyderabad
2014,CRD Fernando,All-rounder,200,Yes,1015,Rajasthan Royals
2014,TU Deshpande,Bowler,200,Yes,990,Sunrisers Hyderabad
2014,MM Sharma,Bowler,50,Yes,130,Delhi Capitals
2014,M Klinger,Batter,75,No,,
2014,AU Verma,Bowler,200,Yes,575,Chennai Super Kings
2014,Mujeeb Ur Rahman,All-rounder,100,No,,
2014,S Ladda,Wicketkeeper,200,No,,
2014,OF Smith,All-rounder,30,Yes,310,Kolkata Knight Riders
2014,Ramandeep Singh,Bowler,200,Yes,1345,Delhi Capitals
2014,MD Mishra,All-rounder,200,No,,
2014,R Ravindra,Wicketkeeper,50,No,,
2014,PN Mankad,Wicketkeeper,100,Yes,195,Rajasthan Royals
2014,T Banton,Wicketkeeper,50,No,,
2014,MK Pandey,Batter,100,Yes,220,Delhi Capitals
2014,RA Bawa,Batter,75,Yes,575,Delhi Capitals
2014,AC Gilchrist,Batter,30,No,,
2014,LA Pomersbach,All-rounder,150,No,,
2014,TA Boult,Bowler,40,Yes,240,Royal Challengers Bangalore
2014,R Sanjay Yadav,Bowler,50,Yes,250,Rajasthan Royals
2014,S Gopal,Bowler,75,Yes,115,Rajasthan Royals
2014,SM Katich,Wicketkeeper,30,Yes,90,Rajasthan Royals
2014,Anirudh Singh,Batter,100,No,,
2014,B Sumanth,All-rounder,100,No,,
2014,Harmeet Singh,Batter,30,Yes,175,Sunrisers Hyderabad
2014,SS Tiwary,Batter,30,Yes,120,Rajasthan Royals
2014,SZ Mulani,All-rounder,50,Yes,440,Sunrisers Hyderabad
2014,L Balaji,Bowler,100,Yes,440,Royal Challengers Bangalore
2014,DA Warner,Batter,100,Yes,540,Mumbai Indians
2014,SP Narine,All-rounder,200,Yes,1820,Mumbai Indians
2014,SA Yadav,Batter,200,Yes,1540,Sunrisers Hyderabad
2014,AF Milne,All-rounder,50,No,,
2014,RP Meredith,Wicketkeeper,75,No,,
2014,SP Goswami,All-rounder,75,Yes,270,Chennai Super Kings
2014,Shivam Singh,Wicketkeeper,100,Yes,540,Royal Challengers Bangalore
2014,Umar Gul,Bowler,50,Yes,295,Rajasthan Royals
2014,MD Choudhary,Batter,20,Yes,40,Kolkata Knight Riders
2014,KL Rahul,Batter,50,Yes,295,Sunrisers Hyderabad
2014,MS Bhandage,Batter,30,Yes,130,Rajasthan Royals
2014,B Muzarabani,Wicketkeeper,50,Yes,330,Rajasthan Royals
2014,A Manohar,Wicketkeeper,30,Yes,95,Punjab Kings
2014,Azmatullah Omarzai,Wicketkeeper,150,Yes,860,Royal Challengers Bangalore
2014,IK Pathan,All-rounder,30,Yes,85,Mumbai Indians
2014,GH Vihari,Wicketkeeper,100,Yes,205,Kolkata Knight Riders
2014,PR Shah,All-rounder,150,No,,
2014,Parvez Rasool,Batter,30,Yes,55,Chennai Super Kings
2014,RJW Topley,Wicketkeeper,150,No,,
2014,RW Price,Batter,100,Yes,550,Royal Challengers Bangalore
2014,Sunny Singh,All-rounder,50,No,,
2014,RT Ponting,Bowler,20,Yes,105,Delhi Capitals
2014,GF Linde,All-rounder,50,Yes,90,Rajasthan Royals
2014,Mohit Rathee,Bowler,50,Yes,135,Sunrisers Hyderabad
2014,M Jansen,Bowler,30,No,,
2014,M Vohra,Batter,100,Yes,685,Royal Challengers Bangalore
2014,NJ Maddinson,All-rounder,150,Yes,430,Punjab Kings
2014,Shoaib Ahmed,Wicketkeeper,200,Yes,295,Chennai Super Kings
2014,S Arora,Wicketkeeper,75,Yes,105,Kolkata Knight Riders
2014,Swapnil Singh,All-rounder,150,Yes,880,Delhi Capitals
2014,PH Solanki,All-rounder,150,Yes,310,Rajasthan Royals
2014,CPL Connolly,Batter,40,Yes,60,Delhi Capitals
2014,KV Sharma,Bowler,50,Yes,185,Royal Challengers Bangalore
2014,AA Bilakhia,Wicketkeeper,30,Yes,185,Delhi Capitals
2014,P Chopra,Batter,50,Yes,375,Mumbai Indians
2014,B Lee,All-rounder,30,Yes,55,Sunrisers Hyderabad
2014,JP Behrendorff,Batter,40,Yes,80,Chennai Super Kings
2014,MJ Santner,All-rounder,20,Yes,90,Royal Challengers Bangalore
2015,UT Khawaja,Batter,50,Yes,390,Sunrisers Hyderabad
2015,IR Jaggi,Wicketkeeper,50,Yes,375,Kolkata Knight Riders
2015,DA Warner,Batter,20,Yes,110,Kolkata Knight Riders
2015,Lalit Yadav,Batter,20,Yes,110,Punjab Kings
2015,Bipul Sharma,Batter,75,Yes,590,Chennai Super Kings
2015,WD Parnell,Bowler,150,No,,
2015,J Syed Mohammad,Wicketkeeper,40,Yes,300,Delhi Capitals
2015,V Viyaskanth,Bowler,150,Yes,935,Punjab Kings
2015,BJ Haddin,Bowler,30,Yes,115,Royal Challengers Bangalore
2015,AA Noffke,All-rounder,20,Yes,50,Rajasthan Royals
2015,KMDN Kulasekara,All-rounder,75,No,,
2015,MR Marsh,All-rounder,150,Yes,565,Punjab Kings
2015,JA Duffy,All-rounder,30,Yes,250,Kolkata Knight Riders
2015,R Bhatia,Bowler,30,Yes,125,Royal Challengers Bangalore
2015,AR Sharma,Bowler,100,Yes,350,Rajasthan Royals
2015,Ishan Kishan,Batter,50,Yes,145,Sunrisers Hyderabad
2015,TP Sudhindra,Bowler,30,Yes,175,Chennai Super Kings
2015,RV Gomez,Wicketkeeper,20,No,,
2015,SE Rutherford,All-rounder,100,Yes,355,Royal Challengers Bangalore
2015,Abdul Samad,Bowler,100,Yes,575,Rajasthan Royals
2015,PBB Rajapaksa,All-rounder,75,Yes,375,Royal Challengers Bangalore
2015,N Pooran,Batter,200,Yes,345,Kolkata Knight Riders
2015,PR Veer,Bowler,40,Yes,275,Chennai Super Kings
2015,LA Pomersbach,All-rounder,50,Yes,245,Royal Challengers Bangalore
2015,AM Rahane,Batter,30,No,,
2015,PD Salt,Batter,30,No,,
2015,RR Pant,Batter,50,No,,
2015,Yuvraj Singh,All-rounder,30,Yes,295,Punjab Kings
2015,LPC Silva,All-rounder,20,No,,
2015,D Jansen,Batter,150,Yes,550,Rajasthan Royals
2015,I Udana,Bowler,150,Yes,1105,Royal Challengers Bangalore
2015,B Kumar,Bowler,75,Yes,155,Delhi Capitals
2015,RS Hangargekar,Wicketkeeper,50,Yes,360,Delhi Capitals
2015,Shashank Singh,Batter,200,Yes,735,Mumbai Indians
2015,Umar Gul,Bowler,150,Yes,985,Kolkata Knight Riders
2015,BCJ Cutting,Batter,50,No,,
2015,Gagandeep Singh,Batter,100,Yes,440,Sunrisers Hyderabad
2015,PP Shaw,Batter,100,Yes,120,Rajasthan Royals
2015,A Chandila,Batter,50,No,,
2015,AF Milne,All-rounder,75,No,,
2015,A Mishra,Bowler,200,No,,
2015,Harbhajan Singh,All-rounder,50,Yes,365,Royal Challengers Bangalore
2015,AG Paunikar,Batter,75,No,,
2015,NV Ojha,Batter,50,Yes,345,Rajasthan Royals
2015,LH Ferguson,Bowler,40,Yes,130,Royal Challengers Bangalore
2015,M Pathirana,Bowler,100,Yes,345,Mumbai Indians
2015,CM Gautam,Wicketkeeper,40,No,,
2015,DJ Malan,Wicketkeeper,200,Yes,255,Delhi Capitals
2015,AC Blizzard,All-rounder,20,Yes,30,Kolkata Knight Riders
2015,RG Sharma,Batter,200,Yes,1060,Mumbai Indians
2015,TS Mills,Batter,40,Yes,295,Punjab Kings
2015,SS Sarkar,Bowler,100,Yes,510,Mumbai Indians
2015,MK Tiwary,Batter,40,No,,
2015,GJ Bailey,Wicketkeeper,100,Yes,760,Chennai Super Kings
2015,KC Cariappa,Batter,150,Yes,490,Chennai Super Kings
2015,Harmeet Singh,Batter,40,No,,
2015,MJ Suthar,Wicketkeeper,200,Yes,1555,Punjab Kings
2015,KAJ Roach,Wicketkeeper,100,Yes,670,Kolkata Knight Riders
2015,J Yadav,Wicketkeeper,150,Yes,460,Delhi Capitals
2015,Abdur Razzak,Bowler,40,No,,
2015,RS Bopara,Batter,150,Yes,485,Mumbai Indians
2015,Litton Das,Wicketkeeper,50,No,,
2015,BJ Rohrer,Bowler,40,Yes,105,Punjab Kings
2015,PJ Cummins,All-rounder,100,Yes,1005,Royal Challengers Bangalore
2015,Shakib Al Hasan,All-rounder,100,Yes,320,Sunrisers Hyderabad
2015,AL Menaria,Wicketkeeper,30,Yes,55,Punjab Kings
2015,V Nigam,Batter,20,Yes,125,Mumbai Indians
2015,GHS Garton,Wicketkeeper,40,Yes,145,Rajasthan Royals
2015,PW Hasaranga,Bowler,150,No,,
2015,V Sooryavanshi,Wicketkeeper,50,Yes,330,Royal Challengers Bangalore
2015,MD Mishra,All-rounder,20,Yes,75,Delhi Capitals
2015,AS Tendulkar,All-rounder,30,Yes,280,Chennai Super Kings
2015,NK Patel,All-rounder,40,Yes,380,Chennai Super Kings
2015,JE Taylor,Batter,30,Yes,160,Punjab Kings
2015,K Kushagra,Bowler,200,Yes,1115,Mumbai Indians
2015,KK Ahmed,Bowler,150,Yes,500,Royal Challengers Bangalore
2015,Ankit Sharma,Bowler,50,Yes,305,Rajasthan Royals
2015,V Kaverappa,Batter,75,Yes,125,Delhi Capitals
2015,N Rana,Batter,150,Yes,530,Sunrisers Hyderabad
2015,A Kumble,Bowler,150,Yes,845,Chennai Super Kings
2015,LR Shukla,Batter,200,Yes,490,Kolkata Knight Riders
2015,DT Christian,Bowler,75,Yes,135,Chennai Super Kings
2015,JM Bairstow,Batter,150,Yes,845,Sunrisers Hyderabad
2015,RP Singh,Bowler,30,Yes,215,Rajasthan Royals
2015,Jalaj S Saxena,Batter,100,Yes,285,Royal Challengers Bangalore
2015,SD Chitnis,Bowler,200,Yes,575,Delhi Capitals
2016,CPL Connolly,Batter,150,Yes,765,Royal Challengers Bangalore
2016,WPUJC Vaas,Batter,30,Yes,50,Rising Pune Supergiant
2016,T Natarajan,Bowler,75,No,,
2016,Sameer Rizvi,Wicketkeeper,75,Yes,375,Gujarat Lions
2016,Azhar Mahmood,Wicketkeeper,200,Yes,765,Mumbai Indians
2016,Anirudh Singh,Batter,150,Yes,1075,Mumbai Indians
2016,Sandeep Sharma,Bowler,50,Yes,370,Mumbai Indians
2016,KT Maphaka,Bowler,100,Yes,655,Mumbai Indians
2016,R Tewatia,All-rounder,75,No,,
2016,MJ McClenaghan,Bowler,30,Yes,235,Kolkata Knight Riders
2016,Y Gnaneswara Rao,Wicketkeeper,200,Yes,785,Punjab Kings
2016,S Badree,Wicketkeeper,30,Yes,220,Kolkata Knight Riders
2016,GS Sandhu,Batter,150,No,,
2016,RG Sharma,Batter,100,Yes,210,Mumbai Indians
2016,AP Tare,All-rounder,75,Yes,680,Gujarat Lions
2016,M Siddharth,Bowler,20,Yes,135,Royal Challengers Bangalore
2016,R Ashwin,All-rounder,20,Yes,35,Kolkata Knight Riders
2016,MK Pandey,Batter,100,Yes,675,Kolkata Knight Riders
2016,R Sai Kishore,Bowler,150,Yes,405,Rising Pune Supergiant
2016,Sunny Gupta,Wicketkeeper,200,Yes,1420,Sunrisers Hyderabad
2016,Noor Ahmad,Bowler,100,Yes,725,Punjab Kings
2016,RS Gavaskar,Batter,30,Yes,40,Delhi Capitals
2016,HC Brook,Wicketkeeper,50,Yes,285,Kolkata Knight Riders
2016,O Thomas,Batter,75,Yes,530,Gujarat Lions
2016,JPR Scantlebury-Searles,Batter,20,No,,
2016,Abhinandan Singh,Bowler,40,Yes,210,Mumbai Indians
2016,MA Starc,Bowler,75,Yes,275,Delhi Capitals
2016,TS Mills,Batter,100,Yes,425,Sunrisers Hyderabad
2016,AB de Villiers,Batter,150,Yes,1200,Rising Pune Supergiant
2016,PJ Cummins,All-rounder,100,Yes,230,Delhi Capitals
2016,RR Sarwan,Bowler,30,No,,
2016,PWA Mulder,All-rounder,100,Yes,775,Delhi Capitals
2016,RS Bopara,Batter,75,Yes,475,Kolkata Knight Riders
2016,Shivam Singh,Wicketkeeper,20,Yes,115,Gujarat Lions
2016,SC Kuggeleijn,Wicketkeeper,20,No,,
2016,CK Kapugedera,Bowler,75,Yes,460,Gujarat Lions
2016,BKG Mendis,Wicketkeeper,50,Yes,130,Punjab Kings
2016,Y Nagar,Bowler,200,Yes,1385,Punjab Kings
2016,Mujeeb Ur Rahman,All-rounder,40,Yes,100,Delhi Capitals
2016,DH Yagnik,Bowler,75,No,,
2016,DAJ Bracewell,Bowler,100,Yes,255,Rising Pune Supergiant
2016,FH Edwards,Bowler,75,No,,
2016,DPMD Jayawardene,Batter,100,Yes,305,Punjab Kings
2016,Bipul Sharma,Batter,30,Yes,165,Sunrisers Hyderabad
2016,AD Nath,All-rounder,30,No,,
2016,MM Sharma,Bowler,30,Yes,115,Gujarat Lions
2016,Sikandar Raza,All-rounder,40,No,,
2016,MV Boucher,Wicketkeeper,100,No,,
2016,DT Patil,Batter,200,Yes,1200,Royal Challengers Bangalore
2016,SE Rutherford,All-rounder,30,Yes,310,Sunrisers Hyderabad
2016,CK Langeveldt,Batter,100,Yes,290,Mumbai Indians
2016,S Joseph,Bowler,40,Yes,255,Royal Challengers Bangalore
2016,IK Pathan,All-rounder,30,Yes,210,Royal Challengers Bangalore
2016,KAJ Roach,Wicketkeeper,150,No,,
2016,V Nigam,Batter,150,Yes,360,Mumbai Indians
2016,AS Raut,All-rounder,100,No,,
2016,Ankit Soni,Batter,50,Yes,270,Mumbai Indians
2016,M Theekshana,Bowler,50,Yes,170,Kolkata Knight Riders
2016,RJ Peterson,Batter,40,Yes,205,Rising Pune Supergiant
2016,MB Parmar,Batter,40,No,,
2016,RG More,Bowler,75,Yes,350,Delhi Capitals
2016,KH Pandya,All-rounder,100,No,,
2016,JC Archer,Bowler,40,No,,
2016,Prabhsimran Singh,Batter,200,No,,
2016,N Thushara,Wicketkeeper,40,Yes,105,Gujarat Lions
2016,A Mishra,Bowler,40,Yes,205,Kolkata Knight Riders
2016,T Thushara,Batter,40,Yes,220,Rising Pune Supergiant
2016,SD Hope,Batter,20,No,,
2016,S Aravind,Bowler,75,Yes,100,Mumbai Indians
2016,MK Tiwary,Batter,30,Yes,55,Mumbai Indians
2016,BB McCullum,Batter,200,Yes,555,Gujarat Lions
2017,CR Woakes,Bowler,30,Yes,125,Gujarat Lions
2017,EJG Morgan,Batter,150,No,,
2017,T Kohli,Wicketkeeper,40,Yes,245,Rising Pune Supergiant
2017,Sumit Kumar,Bowler,40,Yes,205,Rising Pune Supergiant
2017,SK Raina,All-rounder,200,Yes,1680,Royal Challengers Bangalore
2017,A Madhwal,Batter,20,Yes,90,Royal Challengers Bangalore
2017,JR Hopes,Batter,150,Yes,425,Sunrisers Hyderabad
2017,ML Hayden,Batter,100,Yes,575,Mumbai Indians
2017,SV Samson,Batter,50,Yes,290,Punjab Kings
2017,B Geeves,All-rounder,30,Yes,105,Gujarat Lions
2017,SW Billings,Batter,100,Yes,680,Gujarat Lions
2017,Prabhsimran Singh,Batter,20,Yes,40,Mumbai Indians
2017,J Theron,All-rounder,200,No,,
2017,SD Chitnis,Bowler,30,Yes,100,Sunrisers Hyderabad
2017,S Sohal,Wicketkeeper,75,Yes,365,Mumbai Indians
2017,T Thushara,Batter,150,No,,
2017,CA Lynn,Batter,30,Yes,150,Sunrisers Hyderabad
2017,MK Pandey,Batter,30,Yes,55,Sunrisers Hyderabad
2017,B Lee,All-rounder,200,Yes,1010,Mumbai Indians
2017,PR Veer,Bowler,20,No,,
2017,UBT Chand,All-rounder,75,Yes,410,Kolkata Knight Riders
2017,SB Styris,Bowler,100,No,,
2017,BJ Haddin,Bowler,50,Yes,320,Sunrisers Hyderabad
2017,JE Taylor,Batter,200,Yes,360,Punjab Kings
2017,BB Samantray,Wicketkeeper,50,Yes,340,Mumbai Indians
2017,B Muzarabani,Wicketkeeper,75,Yes,100,Punjab Kings
2017,PC Valthaty,All-rounder,40,Yes,315,Sunrisers Hyderabad
2017,DS Lehmann,Bowler,150,Yes,355,Rising Pune Supergiant
2017,S Tyagi,All-rounder,30,Yes,265,Gujarat Lions
2017,DS Rathi,Batter,50,Yes,195,Punjab Kings
2017,Ishan Kishan,Batter,30,Yes,155,Sunrisers Hyderabad
2017,R Ashwin,All-rounder,40,Yes,320,Sunrisers Hyderabad
2017,DT Patil,Batter,150,No,,
2017,L Wood,Bowler,40,Yes,75,Royal Challengers Bangalore
2017,TG Southee,Bowler,150,Yes,555,Punjab Kings
2017,MJ Dagar,Batter,50,Yes,170,Delhi Capitals
2017,JP Behrendorff,Batter,75,No,,
2017,D Pretorius,Batter,40,Yes,290,Gujarat Lions
2017,AD Hales,Wicketkeeper,75,Yes,565,Punjab Kings
2017,RD Gaikwad,Batter,50,Yes,300,Kolkata Knight Riders
2017,PBB Rajapaksa,All-rounder,100,No,,
2017,F Behardien,All-rounder,40,Yes,330,Punjab Kings
2017,Sunny Singh,All-rounder,200,Yes,1885,Gujarat Lions
2017,P Arya,Wicketkeeper,75,No,,
2017,KL Nagarkoti,Batter,30,Yes,40,Mumbai Indians
2017,H Sharma,Bowler,20,Yes,130,Kolkata Knight Riders
2017,A Chandila,Batter,75,Yes,110,Delhi Capitals
2017,A Mithun,Batter,75,No,,
2017,Shahbaz Ahmed,All-rounder,20,No,,
2017,Anuj Rawat,Wicketkeeper,30,Yes,150,Kolkata Knight Riders
2017,BA Stokes,All-rounder,50,Yes,85,Delhi Capitals
2017,RS Hangargekar,Wicketkeeper,150,Yes,980,Gujarat Lions
2017,Sanvir Singh,Bowler,100,Yes,275,Mumbai Indians
2017,P Suyal,Wicketkeeper,200,No,,
2017,CL White,All-rounder,100,No,,
2017,Anureet Singh,All-rounder,50,Yes,510,Delhi Capitals
2017,X Thalaivan Sargunam,Wicketkeeper,30,No,,
2017,AUK Pathan,All-rounder,30,Yes,115,Gujarat Lions
2017,YV Dhull,Wicketkeeper,75,Yes,520,Royal Challengers Bangalore
2017,IC Pandey,Wicketkeeper,20,Yes,150,Punjab Kings
2017,SP Fleming,Batter,20,No,,
2017,Gurkeerat Singh,Batter,20,Yes,100,Delhi Capitals
2017,N Rana,Batter,100,No,,
2017,JP Duminy,All-rounder,100,No,,
2017,J Arunkumar,Wicketkeeper,30,Yes,145,Royal Challengers Bangalore
2017,NJ Rimmington,Wicketkeeper,30,Yes,75,Punjab Kings
2017,AJ Tye,Bowler,100,Yes,255,Punjab Kings
2017,B Chipli,Bowler,200,Yes,685,Mumbai Indians
2017,DJ Bravo,All-rounder,50,No,,
2017,VH Zol,Bowler,100,No,,
2017,JL Pattinson,Bowler,30,Yes,180,Gujarat Lions
2017,LA Pomersbach,All-rounder,20,Yes,120,Punjab Kings
2017,Shivam Singh,Wicketkeeper,200,Yes,1110,Mumbai Indians
2017,K Rabada,Bowler,100,No,,
2017,MP Breetzke,Bowler,40,Yes,100,Mumbai Indians
2017,BCJ Cutting,Batter,50,No,,
2017,Auqib Nabi,Bowler,50,Yes,380,Gujarat Lions
2017,AG Murtaza,All-rounder,40,Yes,175,Mumbai Indians
2017,Yashpal Singh,All-rounder,30,Yes,255,Rising Pune Supergiant
2017,CA Pujara,Bowler,30,No,,
2017,SW Tait,Wicketkeeper,150,Yes,575,Gujarat Lions
2017,SP Narine,All-rounder,100,Yes,240,Mumbai Indians
2017,DC Jurel,All-rounder,20,No,,
2017,KK Cooper,Bowler,20,Yes,90,Rising Pune Supergiant
2017,VS Yeligati,Batter,75,Yes,225,Delhi Capitals
2017,Mashrafe Mortaza,All-rounder,200,Yes,1465,Gujarat Lions
2017,SD Chauhan,Bowler,200,Yes,390,Royal Challengers Bangalore
2017,J Suchith,Batter,150,No,,
2017,Ashok Sharma,Bowler,40,Yes,295,Delhi Capitals
2017,Litton Das,Wicketkeeper,100,Yes,490,Mumbai Indians
2017,KS Sharma,All-rounder,30,Yes,200,Mumbai Indians
2017,DJ Willey,Batter,30,Yes,185,Delhi Capitals
2018,KT Maphaka,Bowler,20,No,,
2018,FH Edwards,Bowler,50,Yes,240,Mumbai Indians
2018,MJ Lumb,Bowler,200,Yes,515,Royal Challengers Bangalore
2018,SP Jackson,All-rounder,75,Yes,445,Royal Challengers Bangalore
2018,PSP Handscomb,Bowler,150,Yes,845,Punjab Kings
2018,CJ Dala,All-rounder,40,Yes,115,Royal Challengers Bangalore
2018,D Pretorius,Batter,40,No,,
2018,DJG Sammy,Bowler,20,No,,
2018,GF Linde,All-rounder,50,Yes,170,Chennai Super Kings
2018,SB Joshi,Bowler,50,Yes,370,Punjab Kings
2018,Himmat Singh,Batter,20,No,,
2018,DR Martyn,Batter,100,Yes,465,Chennai Super Kings
2018,BB Sran,Batter,75,Yes,375,Delhi Capitals
2018,DJ Muthuswami,Wicketkeeper,150,Yes,835,Rajasthan Royals
2018,Shahbaz Ahmed,All-rounder,30,Yes,285,Delhi Capitals
2018,RR Pant,Batter,150,No,,
2018,AM Nayar,All-rounder,100,No,,
2018,WP Saha,Batter,20,Yes,50,Royal Challengers Bangalore
2018,RD Rickelton,All-rounder,75,Yes,205,Kolkata Knight Riders
2018,NB Singh,Batter,30,Yes,100,Kolkata Knight Riders
2018,SP Goswami,All-rounder,30,Yes,170,Sunrisers Hyderabad
2018,XC Bartlett,All-rounder,40,Yes,70,Rajasthan Royals
2018,AU Rashid,All-rounder,40,Yes,65,Royal Challengers Bangalore
2018,JL Pattinson,Bowler,40,Yes,300,Mumbai Indians
2018,Y Venugopal Rao,Bowler,150,No,,
2018,AS Raut,All-rounder,75,Yes,510,Chennai Super Kings
2018,Harpreet Singh,Batter,200,Yes,1365,Sunrisers Hyderabad
2018,Azmatullah Omarzai,Wicketkeeper,40,Yes,185,Royal Challengers Bangalore
2018,DS Kulkarni,Bowler,40,No,,
2018,V Kohli,Batter,30,Yes,60,Kolkata Knight Riders
2018,RW Price,Batter,20,Yes,145,Kolkata Knight Riders
2018,P Kumar,Bowler,150,Yes,335,Royal Challengers Bangalore
2018,KL Nagarkoti,Batter,20,Yes,110,Chennai Super Kings
2018,L Ronchi,Batter,20,Yes,70,Rajasthan Royals
2018,C Bosch,All-rounder,20,Yes,170,Rajasthan Royals
2018,WD Parnell,Bowler,150,Yes,930,Punjab Kings
2018,SS Sarkar,Bowler,30,Yes,130,Rajasthan Royals
2018,H Sharma,Bowler,50,Yes,355,Chennai Super Kings
2018,B Chipli,Bowler,150,Yes,895,Delhi Capitals
2018,JG Bethell,All-rounder,20,Yes,95,Chennai Super Kings
2018,SC Ganguly,Batter,50,Yes,85,Punjab Kings
2018,AS Yadav,Bowler,150,Yes,715,Delhi Capitals
2018,YK Pathan,All-rounder,100,No,,
2018,KA Maharaj,All-rounder,150,Yes,1265,Kolkata Knight Riders
2018,P Dubey,All-rounder,200,Yes,1270,Royal Challengers Bangalore
2018,Mukesh Kumar,Bowler,75,Yes,480,Delhi Capitals
2018,KK Cooper,Bowler,150,No,,
2018,YV Dhull,Wicketkeeper,30,Yes,175,Kolkata Knight Riders
2018,ST Jayasuriya,Wicketkeeper,40,Yes,150,Chennai Super Kings
2018,Joginder Sharma,Batter,100,Yes,775,Mumbai Indians
2018,T Kohler-Cadmore,Batter,20,No,,
2018,Rasikh Salam,Wicketkeeper,200,Yes,570,Rajasthan Royals
2018,CR Woakes,Bowler,100,Yes,605,Chennai Super Kings
2018,RR Bose,Wicketkeeper,150,Yes,775,Delhi Capitals
2018,Y Prithvi Raj,Wicketkeeper,40,Yes,95,Sunrisers Hyderabad
2018,LI Meriwala,All-rounder,75,Yes,505,Kolkata Knight Riders
2018,K Yadav,Wicketkeeper,50,Yes,175,Royal Challengers Bangalore
2018,MP Yadav,Wicketkeeper,20,Yes,60,Royal Challengers Bangalore
2018,DB Das,Wicketkeeper,150,Yes,575,Punjab Kings
2018,A Choudhary,Bowler,50,Yes,75,Mumbai Indians
2018,K Rabada,Bowler,30,Yes,145,Delhi Capitals
2018,Harmeet Singh,Batter,100,No,,
2018,YV Takawale,Wicketkeeper,75,Yes,175,Kolkata Knight Riders
2018,SN Khan,Wicketkeeper,150,Yes,575,Mumbai Indians
2018,MW Short,Bowler,30,Yes,100,Chennai Super Kings
2018,JC Buttler,Batter,30,No,,
2018,LA Pomersbach,All-rounder,75,No,,
2018,C Sakariya,Wicketkeeper,200,No,,
2018,Shoaib Ahmed,Wicketkeeper,200,No,,
2018,KL Rahul,Batter,20,Yes,30,Sunrisers Hyderabad
2018,P Amarnath,All-rounder,50,No,,
2018,ND Doshi,All-rounder,150,Yes,210,Punjab Kings
2018,Mohit Rathee,Bowler,75,Yes,285,Kolkata Knight Riders
2018,LA Carseldine,All-rounder,100,Yes,290,Chennai Super Kings
2018,Jaskaran Singh,Bowler,100,Yes,500,Punjab Kings
2018,VY Mahesh,All-rounder,40,Yes,125,Kolkata Knight Riders
2018,RE van der Merwe,Bowler,50,Yes,120,Delhi Capitals
2018,B Sumanth,All-rounder,50,Yes,115,Punjab Kings
2018,DJ Harris,Bowler,30,Yes,190,Sunrisers Hyderabad
2018,Yudhvir Singh,Bowler,20,Yes,65,Sunrisers Hyderabad
2018,S Sreesanth,Bowler,75,Yes,475,Sunrisers Hyderabad
2018,Akash Deep,Wicketkeeper,75,Yes,380,Rajasthan Royals
2018,JDS Neesham,All-rounder,20,Yes,125,Rajasthan Royals
2018,CH Morris,All-rounder,100,No,,
2018,R Sharma,Bowler,40,No,,
2018,DR Smith,All-rounder,200,Yes,280,Punjab Kings
2018,Ishan Kishan,Batter,50,Yes,165,Rajasthan Royals
2018,SE Marsh,Batter,75,Yes,200,Royal Challengers Bangalore
2018,Abdul Samad,Bowler,200,Yes,900,Punjab Kings
2018,Abdul Basith,Batter,50,Yes,180,Rajasthan Royals
2018,A Singh,Batter,150,Yes,750,Delhi Capitals
2018,PP Chawla,All-rounder,50,Yes,430,Chennai Super Kings
2018,SK Rasheed,Batter,150,Yes,990,Rajasthan Royals
2019,CM Gautam,Wicketkeeper,40,No,,
2019,Naman Dhir,Bowler,40,Yes,305,Kolkata Knight Riders
2019,A Madhwal,Batter,30,Yes,50,Kolkata Knight Riders
2019,DJ Hooda,Batter,30,Yes,35,Sunrisers Hyderabad
2019,MM Ali,All-rounder,150,Yes,1040,Chennai Super Kings
2019,PD Salt,Batter,30,Yes,80,Rajasthan Royals
2019,C Sakariya,Wicketkeeper,75,Yes,145,Sunrisers Hyderabad
2019,SK Raina,All-rounder,40,Yes,180,Mumbai Indians
2019,PWA Mulder,All-rounder,100,Yes,925,Sunrisers Hyderabad
2019,R Rampaul,Bowler,75,Yes,575,Sunrisers Hyderabad
2019,UM Patel,Bowler,40,Yes,220,Sunrisers Hyderabad
2019,K Yadav,Wicketkeeper,150,No,,
2019,P Kumar,Bowler,200,No,,
2019,JR Hazlewood,Bowler,200,Yes,565,Delhi Capitals
2019,Harpreet Singh,Batter,75,Yes,505,Mumbai Indians
2019,RN ten Doeschate,Wicketkeeper,40,Yes,190,Punjab Kings
2019,RR Powar,Wicketkeeper,200,Yes,1270,Sunrisers Hyderabad
2019,AJ Finch,Batter,75,No,,
2019,MC Henriques,All-rounder,100,Yes,640,Kolkata Knight Riders
2019,B Akhil,Wicketkeeper,150,Yes,925,Kolkata Knight Riders
2019,Swapnil Singh,All-rounder,150,Yes,305,Rajasthan Royals
2019,D du Preez,Batter,50,Yes,310,Delhi Capitals
2019,AP Majumdar,Bowler,75,Yes,110,Rajasthan Royals
2019,G Gambhir,Batter,40,Yes,165,Delhi Capitals
2019,I Sharma,Bowler,200,Yes,890,Delhi Capitals
2019,O Thomas,Batter,100,Yes,780,Mumbai Indians
2019,SJ Srivastava,Wicketkeeper,20,No,,
2019,Avesh Khan,Bowler,75,Yes,305,Delhi Capitals
2019,Mukesh Choudhary,All-rounder,20,Yes,30,Kolkata Knight Riders
2019,Vishnu Vinod,All-rounder,50,Yes,425,Punjab Kings
2019,KMA Paul,Bowler,200,Yes,1310,Punjab Kings
2019,IS Sodhi,Bowler,100,No,,
2019,LB Williams,Bowler,40,Yes,150,Mumbai Indians
2019,LA Pomersbach,All-rounder,200,Yes,1790,Royal Challengers Bangalore
2019,RK Singh,Batter,150,Yes,955,Mumbai Indians
2019,RJ Quiney,Bowler,50,No,,
2019,IC Porel,Wicketkeeper,200,Yes,245,Kolkata Knight Riders
2019,KT Maphaka,Bowler,200,Yes,1575,Chennai Super Kings
2019,A Symonds,All-rounder,200,Yes,830,Rajasthan Royals
2019,MJ Henry,Bowler,100,Yes,130,Royal Challengers Bangalore
2019,BMAJ Mendis,Batter,30,Yes,95,Delhi Capitals
2019,Kartik Sharma,Bowler,100,No,,
2019,Shoaib Ahmed,Wicketkeeper,50,Yes,200,Chennai Super Kings
2019,S Sohal,Wicketkeeper,20,No,,
2019,DS Lehmann,Bowler,30,No,,
2019,RV Gomez,Wicketkeeper,20,Yes,115,Mumbai Indians
2019,RT Ponting,Bowler,40,No,,
2019,SR Watson,All-rounder,50,Yes,375,Royal Challengers Bangalore
2019,SR Tendulkar,Batter,100,Yes,550,Mumbai Indians
2019,R Sharma,Bowler,30,Yes,95,Royal Challengers Bangalore
2019,DJ Bravo,All-rounder,100,Yes,150,Sunrisers Hyderabad
2019,JG Bethell,All-rounder,150,Yes,535,Punjab Kings
2019,L Balaji,Bowler,20,Yes,100,Sunrisers Hyderabad
2019,KH Devdhar,Batter,200,Yes,960,Kolkata Knight Riders
2019,Shakib Al Hasan,All-rounder,100,Yes,885,Sunrisers Hyderabad
2019,PR Shah,All-rounder,40,Yes,215,Chennai Super Kings
2019,P Negi,Bowler,75,Yes,480,Punjab Kings
2019,Mohsin Khan,Bowler,150,No,,
2019,Abhinandan Singh,Bowler,100,Yes,145,Kolkata Knight Riders
2019,M Muralidaran,Bowler,150,Yes,670,Kolkata Knight Riders
2019,SB Bangar,All-rounder,40,Yes,285,Delhi Capitals
2019,JJ Bumrah,Bowler,30,Yes,45,Chennai Super Kings
2019,NJ Maddinson,All-rounder,40,No,,
2019,SK Rasheed,Batter,50,Yes,85,Chennai Super Kings
2019,CJ Jordan,Bowler,150,Yes,885,Sunrisers Hyderabad
2019,DAJ Bracewell,Bowler,75,Yes,395,Mumbai Indians
2019,SMSM Senanayake,Wicketkeeper,30,No,,
2019,KP Pietersen,Batter,50,No,,
2019,Younis Khan,All-rounder,30,No,,
2019,TM Srivastava,Bowler,20,Yes,150,Punjab Kings
2019,SA Yadav,Batter,150,No,,
2019,RS Bopara,Batter,20,Yes,125,Delhi Capitals
2019,MF Maharoof,Bowler,75,No,,
2019,AT Rayudu,Batter,30,Yes,140,Chennai Super Kings
2019,Abhishek Sharma,Batter,50,Yes,135,Kolkata Knight Riders
2019,D Salunkhe,Batter,40,Yes,255,Rajasthan Royals
2019,KS Williamson,Batter,100,Yes,400,Sunrisers Hyderabad
2019,Gagandeep Singh,Batter,30,No,,
2019,K Santokie,Bowler,150,Yes,710,Punjab Kings
2019,KA Jamieson,Bowler,200,No,,
2019,SS Iyer,Batter,100,Yes,545,Punjab Kings
2019,JM Bairstow,Batter,100,Yes,250,Kolkata Knight Riders
2019,J Overton,Wicketkeeper,75,No,,
2019,S Sandeep Warrier,All-rounder,200,Yes,325,Rajasthan Royals
2019,SP Goswami,All-rounder,75,Yes,775,Mumbai Indians
2019,MA Starc,Bowler,75,Yes,190,Mumbai Indians
2019,J Yadav,Wicketkeeper,100,No,,
2019,Mohammed Siraj,Bowler,75,Yes,315,Royal Challengers Bangalore
2019,LG Pretorius,Bowler,40,Yes,290,Royal Challengers Bangalore
2019,S Aravind,Bowler,50,Yes,155,Kolkata Knight Riders
2019,Prince Yadav,All-rounder,150,Yes,1185,Kolkata Knight Riders
2019,Mukesh Kumar,Bowler,200,Yes,1460,Royal Challengers Bangalore
2019,MJ McClenaghan,Bowler,30,Yes,200,Delhi Capitals
2020/21,Abhinandan Singh,Bowler,100,Yes,340,Punjab Kings
2020/21,AM Salvi,All-rounder,20,Yes,90,Delhi Capitals
2020/21,Yuvraj Singh,All-rounder,200,Yes,1940,Royal Challengers Bangalore
2020/21,KMA Paul,Bowler,50,Yes,105,Kolkata Knight Riders
2020/21,Kamran Khan,Batter,30,Yes,80,Chennai Super Kings
2020/21,MS Wade,All-rounder,40,Yes,305,Delhi Capitals
2020/21,MJ Suthar,Wicketkeeper,30,Yes,35,Delhi Capitals
2020/21,BKG Mendis,Wicketkeeper,50,Yes,235,Kolkata Knight Riders
2020/21,Yudhvir Singh,Bowler,75,Yes,595,Sunrisers Hyderabad
2020/21,GS Sandhu,Batter,20,Yes,115,Rajasthan Royals
2020/21,W O'Rourke,Batter,20,Yes,60,Delhi Capitals
2020/21,SS Iyer,Batter,75,Yes,570,Mumbai Indians
2020/21,S Narwal,All-rounder,30,Yes,220,Rajasthan Royals
2020/21,A Mhatre,Batter,100,Yes,705,Chennai Super Kings
2020/21,SL Malinga,Bowler,150,No,,
2020/21,SK Trivedi,Bowler,30,Yes,155,Punjab Kings
2020/21,M Ntini,All-rounder,30,Yes,305,Royal Challengers Bangalore
2020/21,AM Nayar,All-rounder,20,Yes,120,Mumbai Indians
2020/21,Jaskaran Singh,Bowler,100,Yes,210,Sunrisers Hyderabad
2020/21,R Bhatia,Bowler,100,Yes,310,Punjab Kings
2020/21,AD Mathews,All-rounder,75,Yes,695,Mumbai Indians
2020/21,KA Pollard,All-rounder,20,Yes,90,Delhi Capitals
2020/21,R Shepherd,All-rounder,150,Yes,715,Royal Challengers Bangalore
2020/21,RR Bhatkal,Bowler,50,Yes,105,Rajasthan Royals
2020/21,CM Gautam,Wicketkeeper,75,Yes,145,Punjab Kings
2020/21,KJ Abbott,Wicketkeeper,40,No,,
2020/21,PJ Cummins,All-rounder,75,Yes,720,Royal Challengers Bangalore
2020/21,T Shamsi,Batter,40,Yes,195,Royal Challengers Bangalore
2020/21,GF Linde,All-rounder,30,Yes,280,Royal Challengers Bangalore
2020/21,CR Woakes,Bowler,20,No,,
2020/21,AJ Tye,Bowler,150,Yes,935,Rajasthan Royals
2020/21,Shakib Al Hasan,All-rounder,75,No,,
2020/21,V Sooryavanshi,Wicketkeeper,30,Yes,190,Royal Challengers Bangalore
2020/21,MA Agarwal,Batter,75,Yes,195,Kolkata Knight Riders
2020/21,Mohit Rathee,Bowler,20,Yes,130,Punjab Kings
2020/21,WPUJC Vaas,Batter,40,Yes,145,Sunrisers Hyderabad
2020/21,S Joseph,Bowler,150,Yes,320,Sunrisers Hyderabad
2020/21,RT Ponting,Bowler,50,Yes,390,Mumbai Indians
2020/21,PK Garg,Wicketkeeper,75,Yes,425,Rajasthan Royals
2020/21,Anureet Singh,All-rounder,50,Yes,485,Kolkata Knight Riders
2020/21,GH Vihari,Wicketkeeper,200,Yes,1415,Sunrisers Hyderabad
2020/21,MS Dhoni,Batter,50,Yes,65,Rajasthan Royals
2020/21,JL Denly,Wicketkeeper,150,Yes,1135,Punjab Kings
2020/21,MA Khote,Batter,20,Yes,135,Chennai Super Kings
2020/21,CK Langeveldt,Batter,20,Yes,75,Kolkata Knight Riders
2020/21,C Munro,Wicketkeeper,20,Yes,110,Rajasthan Royals
2020/21,KP Appanna,Bowler,20,Yes,75,Kolkata Knight Riders
2020/21,Akash Singh,All-rounder,75,Yes,385,Delhi Capitals
2020/21,O Thomas,Batter,20,Yes,110,Royal Challengers Bangalore
2020/21,RS Bopara,Batter,30,Yes,155,Chennai Super Kings
2020/21,Vivrant Sharma,Batter,40,Yes,165,Rajasthan Royals
2020/21,AJ Turner,Batter,40,Yes,240,Sunrisers Hyderabad
2020/21,RD Gaikwad,Batter,50,Yes,165,Sunrisers Hyderabad
2020/21,MC Juneja,Bowler,40,Yes,240,Chennai Super Kings
2020/21,Iqbal Abdulla,Bowler,100,Yes,370,Chennai Super Kings
2020/21,Anirudh Singh,Batter,40,Yes,50,Rajasthan Royals
2020/21,PHKD Mendis,All-rounder,40,Yes,290,Punjab Kings
2020/21,C Green,Batter,40,No,,
2020/21,YK Pathan,All-rounder,40,Yes,165,Mumbai Indians
2020/21,C de Grandhomme,Batter,200,Yes,365,Delhi Capitals
2020/21,P Arya,Wicketkeeper,40,Yes,255,Kolkata Knight Riders
2020/21,RK Bhui,Batter,20,Yes,90,Sunrisers Hyderabad
2020/21,DS Kulkarni,Bowler,20,Yes,100,Sunrisers Hyderabad
2020/21,P Negi,Bowler,200,Yes,310,Sunrisers Hyderabad
2020/21,MA Starc,Bowler,20,No,,
2020/21,SS Cottrell,Wicketkeeper,75,Yes,155,Kolkata Knight Riders
2020/21,DR Shorey,Batter,100,Yes,125,Mumbai Indians
2020/21,RM Patidar,Batter,75,No,,
2020/21,SB Jakati,Bowler,20,Yes,45,Chennai Super Kings
2020/21,VH Zol,Bowler,75,No,,
2020/21,Harmeet Singh,Batter,100,Yes,310,Mumbai Indians
2020/21,HS Dubey,Bowler,100,No,,
2020/21,AT Rayudu,Batter,150,Yes,290,Chennai Super Kings
2020/21,J Fraser-McGurk,Bowler,75,Yes,350,Punjab Kings
2020/21,MS Bhandage,Batter,50,Yes,305,Mumbai Indians
2020/21,KD Karthik,Batter,30,Yes,155,Sunrisers Hyderabad
2020/21,Sohail Tanvir,All-rounder,75,Yes,315,Rajasthan Royals
2020/21,Anuj Rawat,Wicketkeeper,100,Yes,445,Royal Challengers Bangalore
2020/21,BB McCullum,Batter,200,No,,
2020/21,Shahbaz Ahmed,All-rounder,50,No,,
2020/21,MJ McClenaghan,Bowler,20,Yes,110,Chennai Super Kings
2020/21,MM Sharma,Bowler,30,No,,
2021,MJ McClenaghan,Bowler,150,Yes,400,Chennai Super Kings
2021,AG Murtaza,All-rounder,200,Yes,810,Delhi Capitals
2021,KM Jadhav,Batter,30,No,,
2021,Karim Janat,Batter,50,Yes,60,Chennai Super Kings
2021,RK Singh,Batter,200,Yes,1495,Royal Challengers Bangalore
2021,SM Harwood,Wicketkeeper,75,Yes,535,Punjab Kings
2021,FY Fazal,Wicketkeeper,40,Yes,170,Kolkata Knight Riders
2021,A Mhatre,Batter,30,Yes,40,Mumbai Indians
2021,SMSM Senanayake,Wicketkeeper,30,Yes,40,Punjab Kings
2021,DT Patil,Batter,75,Yes,240,Mumbai Indians
2021,Suyash Sharma,Wicketkeeper,50,Yes,150,Punjab Kings
2021,JE Root,Bowler,100,Yes,290,Sunrisers Hyderabad
2021,I Sharma,Bowler,40,Yes,310,Delhi Capitals
2021,AS Roy,Wicketkeeper,30,Yes,145,Kolkata Knight Riders
2021,K Gowtham,Wicketkeeper,75,No,,
2021,JR Hazlewood,Bowler,75,Yes,240,Kolkata Knight Riders
2021,PN Mankad,Wicketkeeper,100,Yes,120,Sunrisers Hyderabad
2021,RE Levi,Bowler,20,Yes,30,Chennai Super Kings
2021,KD Karthik,Batter,150,Yes,1085,Royal Challengers Bangalore
2021,Yash Thakur,Wicketkeeper,200,Yes,1345,Punjab Kings
2021,A Flintoff,Bowler,30,Yes,50,Sunrisers Hyderabad
2021,BB Samantray,Wicketkeeper,200,Yes,1160,Chennai Super Kings
2021,Sumit Kumar,Bowler,200,Yes,515,Sunrisers Hyderabad
2021,KS Rathore,All-rounder,75,Yes,575,Punjab Kings
2021,MA Wood,Batter,100,Yes,120,Punjab Kings
2021,Umran Malik,All-rounder,200,Yes,1100,Chennai Super Kings
2021,RR Raje,Wicketkeeper,40,No,,
2021,SB Jakati,Bowler,40,Yes,240,Chennai Super Kings
2021,AA Kulkarni,Wicketkeeper,30,Yes,45,Punjab Kings
2021,DJ Harris,Bowler,75,Yes,290,Sunrisers Hyderabad
2021,DR Martyn,Batter,50,No,,
2021,KL Nagarkoti,Batter,150,Yes,1005,Chennai Super Kings
2021,KR Mayers,All-rounder,150,Yes,660,Rajasthan Royals
2021,Shahid Afridi,Wicketkeeper,50,Yes,75,Royal Challengers Bangalore
2021,OF Smith,All-rounder,200,Yes,1100,Chennai Super Kings
2021,Naveen-ul-Haq,All-rounder,30,Yes,300,Sunrisers Hyderabad
2021,AC Blizzard,All-rounder,30,Yes,200,Chennai Super Kings
2021,SP Jackson,All-rounder,150,Yes,1095,Punjab Kings
2021,CA Ingram,All-rounder,30,No,,
2021,P Awana,Bowler,20,Yes,85,Royal Challengers Bangalore
2021,D Brevis,All-rounder,75,Yes,405,Rajasthan Royals
2021,SE Rutherford,All-rounder,50,Yes,425,Punjab Kings
2021,NA Saini,All-rounder,75,Yes,720,Rajasthan Royals
2021,R Sanjay Yadav,Bowler,30,Yes,135,Mumbai Indians
2021,KMDN Kulasekara,All-rounder,40,Yes,380,Delhi Capitals
2021,ND Doshi,All-rounder,20,Yes,175,Mumbai Indians
2021,VY Mahesh,All-rounder,100,No,,
2021,AM Salvi,All-rounder,20,Yes,135,Kolkata Knight Riders
2021,Prince Yadav,All-rounder,100,Yes,525,Rajasthan Royals
2021,JPR Scantlebury-Searles,Batter,50,Yes,115,Royal Challengers Bangalore
2021,RR Bhatkal,Bowler,150,No,,
2021,V Kaverappa,Batter,40,No,,
2021,Shivang Kumar,Bowler,40,Yes,220,Royal Challengers Bangalore
2021,K Yadav,Wicketkeeper,40,Yes,315,Sunrisers Hyderabad
2021,RJ Harris,Bowler,40,Yes,265,Chennai Super Kings
2021,R Sai Kishore,Bowler,200,Yes,835,Rajasthan Royals
2021,A Singh,Batter,150,Yes,385,Sunrisers Hyderabad
2021,F du Plessis,Batter,150,Yes,1040,Mumbai Indians
2021,RV Patel,Batter,50,Yes,240,Delhi Capitals
2021,Sohail Tanvir,All-rounder,100,No,,
2021,KL Rahul,Batter,200,Yes,875,Punjab Kings
2021,L Ablish,Batter,30,Yes,140,Royal Challengers Bangalore
2021,AS Rajpoot,Wicketkeeper,75,Yes,350,Sunrisers Hyderabad
2021,CL White,All-rounder,30,Yes,240,Kolkata Knight Riders
2021,JDS Neesham,All-rounder,30,Yes,285,Delhi Capitals
2021,AB Agarkar,All-rounder,20,Yes,190,Sunrisers Hyderabad
2021,KR Sen,Batter,100,Yes,785,Rajasthan Royals
2021,M Kaif,All-rounder,75,Yes,570,Delhi Capitals
2021,SE Marsh,Batter,75,Yes,325,Delhi Capitals
2021,R Ravindra,Wicketkeeper,40,Yes,120,Mumbai Indians
2021,DA Payne,Bowler,20,Yes,40,Delhi Capitals
2021,RR Sarwan,Bowler,30,Yes,160,Delhi Capitals
2021,S Sohal,Wicketkeeper,75,Yes,135,Delhi Capitals
2021,M Tiwari,Wicketkeeper,40,Yes,145,Royal Challengers Bangalore
2021,DL Vettori,Batter,40,No,,
2021,S Joseph,Bowler,50,Yes,235,Sunrisers Hyderabad
2021,BE Hendricks,Batter,20,No,,
2021,WP Saha,Batter,40,No,,
2021,TK Curran,Bowler,150,Yes,610,Rajasthan Royals
2021,K Upadhyay,All-rounder,40,Yes,360,Kolkata Knight Riders
2021,TM Dilshan,Batter,20,No,,
2021,AB Barath,Bowler,30,Yes,115,Mumbai Indians
2021,JA Duffy,All-rounder,75,Yes,610,Sunrisers Hyderabad
2022,H Klaasen,Batter,75,Yes,565,Delhi Capitals
2022,M Markande,Bowler,200,No,,
2022,Sikandar Raza,All-rounder,100,Yes,195,Delhi Capitals
2022,TK Curran,Bowler,20,Yes,160,Rajasthan Royals
2022,M Vijay,Batter,75,Yes,110,Delhi Capitals
2022,Naveen-ul-Haq,All-rounder,50,Yes,360,Lucknow Super Giants
2022,Iqbal Abdulla,Bowler,30,Yes,120,Royal Challengers Bangalore
2022,CJ Jordan,Bowler,30,Yes,50,Sunrisers Hyderabad
2022,R Ninan,Wicketkeeper,30,Yes,85,Chennai Super Kings
2022,MV Boucher,Wicketkeeper,200,No,,
2022,A Mishra,Bowler,40,No,,
2022,JJ van der Wath,Batter,150,Yes,495,Delhi Capitals
2022,Mujeeb Ur Rahman,All-rounder,150,Yes,1160,Lucknow Super Giants
2022,M Ntini,All-rounder,200,Yes,1795,Sunrisers Hyderabad
2022,Shivang Kumar,Bowler,30,Yes,110,Gujarat Titans
2022,K Yadav,Wicketkeeper,200,Yes,1510,Chennai Super Kings
2022,R Minz,Wicketkeeper,100,Yes,380,Punjab Kings
2022,Yuvraj Singh,All-rounder,30,Yes,300,Punjab Kings
2022,AD Mathews,All-rounder,30,No,,
2022,Azhar Mahmood,Wicketkeeper,75,Yes,95,Kolkata Knight Riders
2022,R Parag,Batter,150,Yes,560,Kolkata Knight Riders
2022,SM Harwood,Wicketkeeper,30,Yes,215,Punjab Kings
2022,L Ablish,Batter,200,Yes,470,Kolkata Knight Riders
2022,MS Dhoni,Batter,50,Yes,325,Sunrisers Hyderabad
2022,SA Abbott,All-rounder,75,Yes,665,Sunrisers Hyderabad
2022,SS Cottrell,Wicketkeeper,200,Yes,280,Mumbai Indians
2022,JA Morkel,All-rounder,20,Yes,175,Rajasthan Royals
2022,KMDN Kulasekara,All-rounder,200,Yes,1315,Gujarat Titans
2022,J Theron,All-rounder,30,Yes,170,Mumbai Indians
2022,J Overton,Wicketkeeper,20,No,,
2022,Azmatullah Omarzai,Wicketkeeper,20,Yes,40,Kolkata Knight Riders
2022,I Udana,Bowler,40,No,,
2022,SS Prabhudessai,Wicketkeeper,30,Yes,205,Sunrisers Hyderabad
2022,Rasikh Salam,Wicketkeeper,30,Yes,155,Chennai Super Kings
2022,M Vohra,Batter,50,No,,
2022,NB Singh,Batter,150,No,,
2022,Shivam Mavi,Bowler,150,Yes,870,Punjab Kings
2022,HR Shokeen,Wicketkeeper,40,No,,
2022,V Vyshak,Batter,50,Yes,165,Mumbai Indians
2022,Shahid Afridi,Wicketkeeper,30,Yes,115,Delhi Capitals
2022,S Arora,Wicketkeeper,100,Yes,270,Gujarat Titans
2022,DR Sams,Batter,20,Yes,140,Royal Challengers Bangalore
2022,Prabhsimran Singh,Batter,150,Yes,660,Royal Challengers Bangalore
2022,KP Pietersen,Batter,20,Yes,30,Mumbai Indians
2022,Shivam Singh,Wicketkeeper,75,Yes,490,Rajasthan Royals
2022,Suyash Sharma,Wicketkeeper,200,Yes,1095,Royal Challengers Bangalore
2022,DJ Mitchell,All-rounder,200,Yes,580,Rajasthan Royals
2022,K Rabada,Bowler,20,Yes,90,Lucknow Super Giants
2022,RD Chahar,Bowler,30,Yes,30,Delhi Capitals
2022,A Manohar,Wicketkeeper,50,Yes,235,Kolkata Knight Riders
2022,VG Arora,Bowler,30,Yes,190,Lucknow Super Giants
2022,A Kumble,Bowler,50,No,,
2022,AS Roy,Wicketkeeper,50,Yes,90,Delhi Capitals
2022,YS Chahal,Bowler,40,Yes,85,Sunrisers Hyderabad
2022,MJ Henry,Bowler,20,Yes,60,Mumbai Indians
2022,Virat Singh,Wicketkeeper,150,Yes,995,Delhi Capitals
2022,R Bishnoi,All-rounder,200,Yes,355,Mumbai Indians
2022,B Laughlin,Bowler,40,No,,
2022,Sohail Tanvir,All-rounder,200,Yes,1890,Gujarat Titans
2022,Mohit Rathee,Bowler,200,Yes,785,Lucknow Super Giants
2022,Kartik Sharma,Bowler,100,No,,
2022,GD McGrath,Batter,100,Yes,615,Kolkata Knight Riders
2022,JEC Franklin,Batter,50,No,,
2022,Harshit Rana,Bowler,30,Yes,40,Sunrisers Hyderabad
2022,DPMD Jayawardene,Batter,150,Yes,790,Royal Challengers Bangalore
2022,AB McDonald,Bowler,40,Yes,170,Rajasthan Royals
2022,A Zampa,Bowler,50,No,,
2022,SC Ganguly,Batter,50,Yes,290,Punjab Kings
2022,Arshdeep Singh,Bowler,20,Yes,140,Delhi Capitals
2022,AN Ahmed,Bowler,200,Yes,680,Rajasthan Royals
2022,S Gopal,Bowler,75,Yes,490,Lucknow Super Giants
2022,SS Shaikh,All-rounder,40,No,,
2022,GC Smith,Bowler,50,Yes,235,Chennai Super Kings
2022,S Lamichhane,All-rounder,50,Yes,275,Lucknow Super Giants
2022,SM Katich,Wicketkeeper,20,Yes,55,Rajasthan Royals
2022,BMAJ Mendis,Batter,100,Yes,725,Rajasthan Royals
2022,BJ Rohrer,Bowler,40,No,,
2022,Ankit Sharma,Bowler,150,Yes,645,Mumbai Indians
2022,S Sandeep Warrier,All-rounder,20,Yes,115,Rajasthan Royals
2022,C Green,Batter,30,Yes,45,Sunrisers Hyderabad
2022,M Kaif,All-rounder,20,No,,
2022,TG Southee,Bowler,40,Yes,220,Punjab Kings
2022,SPD Smith,Batter,30,Yes,95,Mumbai Indians
2022,RR Bose,Wicketkeeper,200,Yes,235,Lucknow Super Giants
2022,DJM Short,Bowler,200,No,,
2022,BA Stokes,All-rounder,150,No,,
2022,DJG Sammy,Bowler,100,Yes,100,Sunrisers Hyderabad
2023,AT Carey,All-rounder,30,Yes,280,Royal Challengers Bangalore
2023,M Rawat,Bowler,20,Yes,115,Delhi Capitals
2023,Swapnil Singh,All-rounder,40,Yes,215,Sunrisers Hyderabad
2023,KM Asif,Batter,20,Yes,25,Delhi Capitals
2023,R Ninan,Wicketkeeper,50,Yes,195,Gujarat Titans
2023,AB Dinda,Bowler,100,Yes,565,Punjab Kings
2023,JP Duminy,All-rounder,200,Yes,500,Sunrisers Hyderabad
2023,MP Breetzke,Bowler,75,No,,
2023,WPUJC Vaas,Batter,50,Yes,150,Sunrisers Hyderabad
2023,J Theron,All-rounder,20,Yes,110,Royal Challengers Bangalore
2023,T Shamsi,Batter,40,No,,
2023,SA Yadav,Batter,75,No,,
2023,R Vinay Kumar,Bowler,40,Yes,50,Royal Challengers Bangalore
2023,RT Ponting,Bowler,100,Yes,280,Lucknow Super Giants
2023,F Behardien,All-rounder,40,Yes,65,Kolkata Knight Riders
2023,Sohail Tanvir,All-rounder,100,Yes,540,Punjab Kings
2023,Abishek Porel,Wicketkeeper,40,Yes,300,Gujarat Titans
2023,SC Kuggeleijn,Wicketkeeper,150,No,,
2023,KMDN Kulasekara,All-rounder,200,Yes,2025,Punjab Kings
2023,VH Zol,Bowler,100,Yes,305,Delhi Capitals
2023,AM Rahane,Batter,40,Yes,300,Lucknow Super Giants
2023,PVSN Raju,Bowler,100,Yes,730,Chennai Super Kings
2023,Shashank Singh,Batter,40,Yes,45,Gujarat Titans
2023,LH Ferguson,Bowler,50,Yes,165,Sunrisers Hyderabad
2023,AK Markram,Batter,50,Yes,325,Lucknow Super Giants
2023,BA Stokes,All-rounder,75,Yes,465,Kolkata Knight Riders
2023,M Pathirana,Bowler,200,No,,
2023,LJ Wright,Wicketkeeper,150,Yes,785,Kolkata Knight Riders
2023,NK Patel,All-rounder,20,Yes,155,Punjab Kings
2023,SB Wagh,Bowler,150,Yes,165,Punjab Kings
2023,AD Mascarenhas,Batter,100,Yes,410,Punjab Kings
2023,W Jaffer,All-rounder,30,Yes,160,Kolkata Knight Riders
2023,LMP Simmons,Batter,150,Yes,995,Sunrisers Hyderabad
2023,DJ Harris,Bowler,150,Yes,765,Rajasthan Royals
2023,SPD Smith,Batter,30,Yes,130,Royal Challengers Bangalore
2023,RK Bhui,Batter,100,No,,
2023,TH David,Batter,150,Yes,820,Chennai Super Kings
2023,AS Raut,All-rounder,75,Yes,415,Rajasthan Royals
2023,RM Patidar,Batter,40,Yes,145,Kolkata Knight Riders
2023,TM Dilshan,Batter,200,No,,
2023,E Malinga,Batter,75,Yes,370,Lucknow Super Giants
2023,CA Pujara,Bowler,200,Yes,205,Kolkata Knight Riders
2023,KMA Paul,Bowler,75,No,,
2023,HH Gibbs,Bowler,200,Yes,1450,Chennai Super Kings
2023,R Shepherd,All-rounder,150,Yes,1135,Royal Challengers Bangalore
2023,BB Samantray,Wicketkeeper,50,Yes,145,Mumbai Indians
2023,SR Tendulkar,Batter,30,Yes,150,Lucknow Super Giants
2023,OC McCoy,Wicketkeeper,150,Yes,650,Delhi Capitals
2023,RW Price,Batter,30,Yes,150,Punjab Kings
2023,TD Paine,Batter,75,Yes,150,Royal Challengers Bangalore
2023,FA Allen,Wicketkeeper,200,Yes,275,Royal Challengers Bangalore
2023,GJ Maxwell,All-rounder,100,Yes,1000,Rajasthan Royals
2023,KB Arun Karthik,All-rounder,20,Yes,140,Delhi Capitals
2023,Kuldeep Yadav,Bowler,30,Yes,160,Gujarat Titans
2023,J Overton,Wicketkeeper,30,No,,
2023,PJ Sangwan,Bowler,100,No,,
2023,Shoaib Akhtar,Bowler,75,Yes,435,Delhi Capitals
2023,MM Sharma,Bowler,30,Yes,205,Gujarat Titans
2023,JC Buttler,Batter,20,Yes,70,Royal Challengers Bangalore
2023,AM Nayar,All-rounder,200,Yes,1920,Rajasthan Royals
2023,AR Patel,All-rounder,30,Yes,100,Kolkata Knight Riders
2023,Litton Das,Wicketkeeper,50,Yes,340,Gujarat Titans
2023,KV Sharma,Bowler,30,Yes,45,Rajasthan Royals
2023,Mustafizur Rahman,Bowler,40,Yes,125,Mumbai Indians
2023,P Dubey,All-rounder,100,No,,
2023,PHKD Mendis,All-rounder,100,Yes,155,Royal Challengers Bangalore
2023,R Dravid,Batter,30,Yes,175,Kolkata Knight Riders
2023,BR Dunk,Wicketkeeper,50,Yes,95,Delhi Capitals
2023,NT Ellis,All-rounder,30,Yes,255,Rajasthan Royals
2023,R Parag,Batter,30,No,,
2023,Shivang Kumar,Bowler,150,Yes,185,Mumbai Indians
2023,R Powell,Wicketkeeper,20,Yes,55,Sunrisers Hyderabad
2023,JM Kemp,Batter,30,Yes,190,Delhi Capitals
2023,Musheer Khan,Bowler,30,Yes,220,Lucknow Super Giants
2023,Y Gnaneswara Rao,Wicketkeeper,40,Yes,80,Punjab Kings
2023,LPC Silva,All-rounder,75,Yes,205,Lucknow Super Giants
2023,Shakib Al Hasan,All-rounder,50,Yes,110,Gujarat Titans
2023,T Henderson,All-rounder,20,Yes,60,Gujarat Titans
2023,AS Rajpoot,Wicketkeeper,75,No,,
2023,DM Bravo,All-rounder,20,No,,
2023,N Saini,Bowler,200,Yes,460,Punjab Kings
2023,Ankit Soni,Batter,30,No,,
2023,Y Nagar,Bowler,150,Yes,390,Rajasthan Royals
2023,M Vohra,Batter,30,Yes,55,Punjab Kings
2023,DJ Malan,Wicketkeeper,40,No,,
2023,JJ van der Wath,Batter,75,Yes,120,Gujarat Titans
2023,Abdul Samad,Bowler,200,Yes,840,Chennai Super Kings
2023,B Sumanth,All-rounder,75,Yes,375,Sunrisers Hyderabad
2023,DA Miller,Batter,150,No,,
2023,JC Archer,Bowler,200,Yes,1600,Punjab Kings
2024,Shahid Afridi,Wicketkeeper,200,Yes,960,Sunrisers Hyderabad
2024,B Lee,All-rounder,20,No,,
2024,MA Wood,Batter,30,Yes,210,Rajasthan Royals
2024,Mashrafe Mortaza,All-rounder,200,Yes,580,Sunrisers Hyderabad
2024,R Ashwin,All-rounder,75,Yes,190,Royal Challengers Bangalore
2024,SSB Magala,Wicketkeeper,150,No,,
2024,Shivam Sharma,Batter,200,Yes,1000,Gujarat Titans
2024,Anirudh Singh,Batter,200,No,,
2024,BJ Rohrer,Bowler,20,Yes,105,Rajasthan Royals
2024,CJ Ferguson,Bowler,150,Yes,955,Lucknow Super Giants
2024,MA Starc,Bowler,75,Yes,385,Punjab Kings
2024,MD Mishra,All-rounder,40,Yes,320,Punjab Kings
2024,T Kohli,Wicketkeeper,20,Yes,80,Punjab Kings
2024,S Badrinath,Batter,100,Yes,565,Rajasthan Royals
2024,B Indrajith,Bowler,50,Yes,255,Kolkata Knight Riders
2024,VVS Laxman,Batter,30,Yes,65,Delhi Capitals
2024,DB Das,Wicketkeeper,100,Yes,705,Mumbai Indians
2024,AS Joseph,Batter,150,Yes,645,Delhi Capitals
2024,LH Ferguson,Bowler,20,Yes,75,Punjab Kings
2024,DS Lehmann,Bowler,30,Yes,170,Sunrisers Hyderabad
2024,KR Mayers,All-rounder,100,Yes,825,Sunrisers Hyderabad
2024,DT Christian,Bowler,100,Yes,355,Royal Challengers Bangalore
2024,S Joseph,Bowler,150,Yes,1040,Kolkata Knight Riders
2024,MEK Hussey,Batter,30,Yes,85,Gujarat Titans
2024,BR Dunk,Wicketkeeper,75,Yes,195,Lucknow Super Giants
2024,H Das,Bowler,30,Yes,100,Lucknow Super Giants
2024,MN Samuels,Bowler,30,No,,
2024,V Kaverappa,Batter,200,Yes,1315,Rajasthan Royals
2024,PD Salt,Batter,75,No,,
2024,JD Unadkat,Bowler,150,Yes,585,Gujarat Titans
2024,YV Takawale,Wicketkeeper,75,Yes,430,Lucknow Super Giants
2024,TR Birt,Wicketkeeper,40,Yes,185,Mumbai Indians
2024,Yash Dayal,Bowler,40,Yes,225,Lucknow Super Giants
2024,Rahmanullah Gurbaz,Wicketkeeper,200,No,,
2024,S Dube,Batter,150,Yes,215,Lucknow Super Giants
2024,JA Morkel,All-rounder,50,Yes,175,Punjab Kings
2024,Y Gnaneswara Rao,Wicketkeeper,75,Yes,525,Rajasthan Royals
2024,SP Fleming,Batter,30,No,,
2024,MD Choudhary,Batter,75,Yes,210,Delhi Capitals
2024,L Ngidi,Bowler,50,Yes,100,Rajasthan Royals
2024,O Thomas,Batter,20,No,,
2024,Salman Butt,Bowler,75,Yes,595,Sunrisers Hyderabad
2024,S Rana,Wicketkeeper,150,Yes,435,Mumbai Indians
2024,MF Maharoof,Bowler,20,No,,
2024,P Dogra,Bowler,75,Yes,525,Gujarat Titans
2024,PR Veer,Bowler,200,Yes,1455,Mumbai Indians
2024,CK Kapugedera,Bowler,100,Yes,145,Lucknow Super Giants
2024,Yashpal Singh,All-rounder,150,Yes,1405,Punjab Kings
2024,N Jagadeesan,Batter,150,Yes,750,Royal Challengers Bangalore
2024,B Stanlake,Wicketkeeper,30,Yes,150,Gujarat Titans
2024,Harpreet Singh,Batter,75,No,,
2024,P Parameswaran,Wicketkeeper,50,Yes,330,Lucknow Super Giants
2024,PC Valthaty,All-rounder,100,Yes,865,Lucknow Super Giants
2024,Gurkeerat Singh,Batter,50,Yes,85,Rajasthan Royals
2024,SH Johnson,Wicketkeeper,50,Yes,140,Delhi Capitals
2024,C Sakariya,Wicketkeeper,20,Yes,120,Sunrisers Hyderabad
2024,AA Noffke,All-rounder,30,Yes,170,Punjab Kings
2024,B Akhil,Wicketkeeper,50,No,,
2024,VR Iyer,Batter,40,Yes,145,Punjab Kings
2024,AM Ghazanfar,Batter,75,Yes,550,Mumbai Indians
2024,AS Roy,Wicketkeeper,20,Yes,130,Mumbai Indians
2024,PD Collingwood,Batter,50,Yes,160,Delhi Capitals
2024,Shivang Kumar,Bowler,100,Yes,265,Chennai Super Kings
2024,AA Jhunjhunwala,Batter,200,Yes,1545,Rajasthan Royals
2024,DJ Malan,Wicketkeeper,75,Yes,505,Delhi Capitals
2024,M Ntini,All-rounder,50,Yes,470,Delhi Capitals
2024,S Sandeep Warrier,All-rounder,200,No,,
2024,Shoaib Ahmed,Wicketkeeper,150,Yes,235,Mumbai Indians
2024,KJ Abbott,Wicketkeeper,200,Yes,1495,Sunrisers Hyderabad
2024,CR Woakes,Bowler,100,No,,
2024,JW Hastings,Wicketkeeper,30,Yes,135,Royal Challengers Bangalore
2024,SD Chauhan,Bowler,100,Yes,670,Rajasthan Royals
2024,SD Hope,Batter,100,Yes,635,Sunrisers Hyderabad
2024,Avesh Khan,Bowler,40,No,,
2024,YA Abdulla,All-rounder,40,Yes,280,Mumbai Indians
2024,Abdul Samad,Bowler,100,Yes,210,Lucknow Super Giants
2024,STR Binny,All-rounder,40,Yes,340,Lucknow Super Giants
2024,WP Saha,Batter,100,Yes,615,Sunrisers Hyderabad
2024,Prabhsimran Singh,Batter,75,Yes,510,Royal Challengers Bangalore
2024,Yash Thakur,Wicketkeeper,75,Yes,270,Kolkata Knight Riders
2024,P Sahu,All-rounder,150,No,,
2024,NL McCullum,Batter,50,No,,
2024,DT Patil,Batter,50,No,,
2024,JM Sharma,Batter,50,Yes,110,Delhi Capitals
2024,SV Samson,Batter,150,Yes,425,Lucknow Super Giants
2025,LPC Silva,All-rounder,20,Yes,140,Mumbai Indians
2025,DC Jurel,All-rounder,75,Yes,190,Rajasthan Royals
2025,RR Pant,Batter,20,Yes,45,Lucknow Super Giants
2025,BJ Haddin,Bowler,200,No,,
2025,A Mukund,Batter,40,Yes,190,Chennai Super Kings
2025,UA Birla,All-rounder,40,Yes,70,Delhi Capitals
2025,R Dhawan,Bowler,40,No,,
2025,MV Boucher,Wicketkeeper,75,No,,
2025,Zeeshan Ansari,Batter,75,Yes,475,Delhi Capitals
2025,N Burger,Bowler,75,Yes,545,Gujarat Titans
2025,Shakib Al Hasan,All-rounder,100,No,,
2025,PA Patel,Batter,40,No,,
2025,BJ Hodge,Batter,200,Yes,275,Mumbai Indians
2025,GJ Bailey,Wicketkeeper,40,Yes,85,Mumbai Indians
2025,TR Birt,Wicketkeeper,200,Yes,1455,Rajasthan Royals
2025,E Lewis,All-rounder,200,Yes,2060,Mumbai Indians
2025,DP Nannes,Bowler,200,Yes,1385,Sunrisers Hyderabad
2025,J Fraser-McGurk,Bowler,40,Yes,95,Chennai Super Kings
2025,JJ Roy,Batter,75,No,,
2025,W Jaffer,All-rounder,75,No,,
2025,M Ntini,All-rounder,50,No,,
2025,C Green,Batter,20,No,,
2025,MS Bisla,Bowler,40,No,,
2025,ER Dwivedi,Bowler,50,Yes,360,Sunrisers Hyderabad
2025,S Midhun,Bowler,20,Yes,115,Delhi Capitals
2025,G Gambhir,Batter,150,Yes,1150,Punjab Kings
2025,JE Taylor,Batter,100,Yes,420,Royal Challengers Bangalore
2025,V Nigam,Batter,200,Yes,575,Sunrisers Hyderabad
2025,Shivam Singh,Wicketkeeper,20,No,,
2025,DNT Zoysa,Batter,200,No,,
2025,MK Pandey,Batter,40,No,,
2025,DJ Mitchell,All-rounder,75,No,,
2025,MJ Clarke,All-rounder,30,No,,
2025,CJ McKay,All-rounder,150,Yes,440,Chennai Super Kings
2025,AA Kulkarni,Wicketkeeper,150,Yes,370,Chennai Super Kings
2025,JL Pattinson,Bowler,150,Yes,940,Rajasthan Royals
2025,Iqbal Abdulla,Bowler,40,Yes,265,Chennai Super Kings
2025,HC Brook,Wicketkeeper,75,Yes,425,Lucknow Super Giants
2025,SB Styris,Bowler,100,Yes,410,Gujarat Titans
2025,Mukesh Kumar,Bowler,150,Yes,780,Sunrisers Hyderabad
2025,Harmeet Singh,Batter,30,No,,
2025,LRPL Taylor,Batter,40,Yes,65,Rajasthan Royals
2025,Ramandeep Singh,Bowler,100,Yes,555,Sunrisers Hyderabad
2025,Simarjeet Singh,Wicketkeeper,40,Yes,220,Sunrisers Hyderabad
2025,SP Narine,All-rounder,30,Yes,60,Delhi Capitals
2025,N Thushara,Wicketkeeper,200,Yes,380,Delhi Capitals
2025,Anirudh Singh,Batter,75,Yes,230,Kolkata Knight Riders
2025,A Manohar,Wicketkeeper,20,Yes,25,Gujarat Titans
2025,NS Naik,Batter,30,Yes,50,Gujarat Titans
2025,C Nanda,Bowler,75,Yes,120,Punjab Kings
2025,KD Karthik,Batter,20,Yes,85,Chennai Super Kings
2025,T Henderson,All-rounder,40,Yes,205,Rajasthan Royals
2025,MC Henriques,All-rounder,75,Yes,410,Punjab Kings
2025,Sunny Gupta,Wicketkeeper,200,No,,
2025,FY Fazal,Wicketkeeper,100,Yes,155,Royal Challengers Bangalore
2025,M Pathirana,Bowler,75,Yes,85,Chennai Super Kings
2025,TL Suman,Bowler,150,Yes,840,Chennai Super Kings
2025,MM Sharma,Bowler,200,No,,
2025,VH Zol,Bowler,200,Yes,1565,Delhi Capitals
2025,S Kaushik,Wicketkeeper,100,No,,
2025,IC Pandey,Wicketkeeper,30,Yes,70,Royal Challengers Bangalore
2025,AU Rashid,All-rounder,20,No,,
2025,Auqib Nabi,Bowler,50,Yes,275,Sunrisers Hyderabad
2025,RJ Quiney,Bowler,150,Yes,465,Gujarat Titans
2025,AP Dole,Batter,200,Yes,230,Royal Challengers Bangalore
2025,AL Menaria,Wicketkeeper,40,Yes,165,Royal Challengers Bangalore
2025,KM Asif,Batter,200,Yes,830,Sunrisers Hyderabad
2025,H Sharma,Bowler,50,Yes,340,Kolkata Knight Riders
2025,NT Tilak Varma,Batter,150,Yes,260,Mumbai Indians
2025,L Ablish,Batter,150,No,,
2025,S Sohal,Wicketkeeper,75,Yes,330,Mumbai Indians
2025,Sediqullah Atal,Batter,200,Yes,940,Kolkata Knight Riders
2026,RV Gomez,Wicketkeeper,50,Yes,170,Sunrisers Hyderabad
2026,K Yadav,Wicketkeeper,100,No,,
2026,RG Sharma,Batter,75,No,,
2026,AR Sharma,Bowler,30,No,,
2026,J Suchith,Batter,200,No,,
2026,SPD Smith,Batter,30,No,,
2026,MK Lomror,Bowler,30,Yes,50,Gujarat Titans
2026,Naman Dhir,Bowler,30,No,,
2026,BE Hendricks,Batter,40,Yes,255,Delhi Capitals
2026,PA Patel,Batter,200,Yes,710,Chennai Super Kings
2026,SD Chitnis,Bowler,40,No,,
2026,SP Jackson,All-rounder,200,No,,
2026,Kamran Akmal,All-rounder,20,No,,
2026,Mujeeb Ur Rahman,All-rounder,200,Yes,570,Punjab Kings
2026,T Shamsi,Batter,75,Yes,295,Punjab Kings
2026,MW Short,Bowler,50,No,,
2026,A Taide,Bowler,150,Yes,600,Kolkata Knight Riders
2026,D Salunkhe,Batter,150,No,,
2026,JJ Roy,Batter,100,Yes,640,Mumbai Indians
2026,V Kohli,Batter,30,Yes,115,Chennai Super Kings
2026,DP Vijaykumar,Bowler,40,Yes,255,Rajasthan Royals
2026,NS Naik,Batter,40,Yes,215,Lucknow Super Giants
2026,KT Maphaka,Bowler,75,Yes,430,Rajasthan Royals
2026,Mashrafe Mortaza,All-rounder,75,No,,
2026,Gurnoor Brar,Bowler,20,No,,
2026,PP Chawla,All-rounder,40,Yes,125,Rajasthan Royals
2026,GD McGrath,Batter,200,No,,
2026,S Aravind,Bowler,150,No,,
2026,Sohail Tanvir,All-rounder,30,Yes,145,Mumbai Indians
2026,KR Sen,Batter,40,No,,
2026,S Narwal,All-rounder,75,Yes,475,Kolkata Knight Riders
2026,TU Deshpande,Bowler,100,Yes,725,Royal Challengers Bangalore
2026,SS Shaikh,All-rounder,75,No,,
2026,NM Coulter-Nile,Bowler,75,No,,
2026,C Madan,All-rounder,30,No,,
2026,JM Sharma,Batter,75,Yes,100,Gujarat Titans
2026,Umar Gul,Bowler,30,Yes,185,Sunrisers Hyderabad
2026,TM Srivastava,Bowler,200,No,,
2026,M Vijay,Batter,50,Yes,285,Punjab Kings
2026,MJ Suthar,Wicketkeeper,40,Yes,110,Rajasthan Royals
2026,Shakib Al Hasan,All-rounder,100,Yes,880,Gujarat Titans
2026,SS Iyer,Batter,100,Yes,600,Sunrisers Hyderabad
2026,VG Arora,Bowler,150,Yes,595,Chennai Super Kings
2026,LA Pomersbach,All-rounder,40,Yes,80,Sunrisers Hyderabad
2026,NV Ojha,Batter,150,Yes,970,Lucknow Super Giants
2026,SD Chauhan,Bowler,75,Yes,295,Lucknow Super Giants
2026,F Behardien,All-rounder,200,Yes,1020,Sunrisers Hyderabad
2026,JE Taylor,Batter,40,Yes,175,Royal Challengers Bangalore
2026,Swapnil Singh,All-rounder,200,No,,
2026,WD Parnell,Bowler,30,Yes,35,Kolkata Knight Riders
2026,Ankit Sharma,Bowler,40,Yes,305,Gujarat Titans
2026,Sameer Rizvi,Wicketkeeper,150,Yes,750,Chennai Super Kings
2026,P Chopra,Batter,20,Yes,70,Gujarat Titans
2026,C Ganapathy,All-rounder,100,Yes,155,Delhi Capitals
2026,DH Yagnik,Bowler,40,No,,
2026,DS Rathi,Batter,150,No,,
2026,D Ferreira,Bowler,75,Yes,505,Delhi Capitals
2026,S Sohal,Wicketkeeper,200,Yes,690,Mumbai Indians
2026,P Ray Barman,Bowler,20,Yes,65,Rajasthan Royals
2026,B Geeves,All-rounder,200,No,,
2026,MJ Santner,All-rounder,200,Yes,510,Lucknow Super Giants
2026,P Suyal,Wicketkeeper,200,Yes,410,Sunrisers Hyderabad
2026,JW Hastings,Wicketkeeper,100,No,,
2026,H Sharma,Bowler,150,Yes,565,Rajasthan Royals
2026,FA Allen,Wicketkeeper,20,Yes,110,Sunrisers Hyderabad
2026,RJ Quiney,Bowler,40,Yes,265,Mumbai Indians
2026,AJ Finch,Batter,75,Yes,415,Gujarat Titans
2026,A Raghuvanshi,Bowler,30,No,,
2026,LA Carseldine,All-rounder,20,Yes,165,Lucknow Super Giants
2026,Imran Tahir,Bowler,20,Yes,95,Chennai Super Kings
2026,L Ronchi,Batter,20,No,,
2026,Shivam Singh,Wicketkeeper,50,Yes,330,Lucknow Super Giants
2026,D Kalyankrishna,Bowler,100,Yes,445,Rajasthan Royals
2026,DJ Bravo,All-rounder,20,Yes,100,Punjab Kings
2026,PJ Sangwan,Bowler,100,Yes,180,Rajasthan Royals
2026,AB Barath,Bowler,30,Yes,60,Gujarat Titans
2026,KP Pietersen,Batter,75,Yes,575,Chennai Super Kings
2026,MS Bhandage,Batter,40,Yes,130,Mumbai Indians
2026,BB Samantray,Wicketkeeper,20,Yes,35,Mumbai Indians
2026,SB Styris,Bowler,40,No,,
2026,GS Sandhu,Batter,75,No,,
2026,BKG Mendis,Wicketkeeper,30,Yes,190,Mumbai Indians
2026,RN ten Doeschate,Wicketkeeper,50,Yes,225,Sunrisers Hyderabad
